Workbook

Sheet 總表
A1: 臺中管理處地下水水權狀總表
A2: 編號 | B2: 站別 | C2: 名稱 | D2: 水權狀號 | E2: 核准 | F2: 年限 | G2: 灌溉面積(ha) | H2: 引水地點 | I2: 使用方法 | J2: 引用水量(cms) | K2: 每日用水時間(hr) | L2: 年可引用水量(m³) | M2: 水井深度(m) | N2: 引水月份 | O2: 水系 | S2: cmd
A3: =SUBTOTAL(103,$B$3:B3) -> 1 | B3: 卓蘭 | C3: 苗豐抽水井 | D3: K0124239 | E3: 1120808 | F3: 1170807 | G3: 7.108158 | H3: 苗栗縣卓蘭鎮苗豐段277地號 | J3: 0.0169 | K3: 16 | L3: =J3*K3*60*60*365 -> 355305.6 | M3: 120 | N3: 每月 | O3: 大安溪 | S3: =J3*K3*60*60 -> 973.44
A4: =SUBTOTAL(103,$B$3:B4) -> 2 | B4: 山腳 | C4: 泰田抽水井 | D4: K0086033 | E4: 1110401 | F4: 1160331 | G4: 5.1547 | H4: 苗栗縣苑裡鎮泰田段647-1地號 | J4: 0.0136 | K4: 20 | L4: =J4*K4*60*60*365 -> 357408 | M4: 120 | N4: 每月 | O4: 大安溪 | S4: =J4*K4*60*60 -> 979.2
A5: =SUBTOTAL(103,$B$3:B5) -> 3 | B5: 山腳 | C5: 社柑抽水井 | D5: K0086034 | E5: 1110401 | F5: 1160331 | G5: 13.81053 | H5: 苗栗縣苑裡鎮社柑段1220-1地號 | J5: 0.042 | K5: 20 | L5: =J5*K5*60*60*365 -> 1103760 | M5: 120 | N5: 每月 | O5: 大安溪 | S5: =J5*K5*60*60 -> 3024
A6: =SUBTOTAL(103,$B$3:B6) -> 4 | B6: 山腳 | C6: 社南抽水井 | D6: K0123393 | E6: 1111101 | F6: 1161031 | G6: 8.877913 | H6: 苗栗縣苑裡鎮鎮安段23-1地號 | J6: 0.016 | K6: 20 | L6: =J6*K6*60*60*365 -> 420480 | M6: 75 | N6: 每月 | O6: 大安溪 | S6: =J6*K6*60*60 -> 1152
A7: =SUBTOTAL(103,$B$3:B7) -> 5 | B7: 山腳 | C7: 濁一抽水井 | D7: K0123725 | E7: 1110101 | F7: 1151231 | G7: 9.203787 | H7: 苗栗縣苑裡鎮啟心段1248-1地號 | J7: 0.038 | K7: 20 | L7: =J7*K7*60*60*365 -> 998640 | M7: 156 | N7: 每月 | O7: 大安溪 | S7: =J7*K7*60*60 -> 2736
A8: =SUBTOTAL(103,$B$3:B8) -> 6 | B8: 山腳 | C8: 啟心抽水井 | D8: K0123768 | E8: 1121201 | F8: 1171130 | G8: 13.0317 | H8: 苗栗縣苑裡鎮啟心段728地號 | J8: 0.03 | K8: 20 | L8: =J8*K8*60*60*365 -> 788400 | M8: 180 | N8: 每月 | O8: 大安溪 | S8: =J8*K8*60*60 -> 2160
A9: =SUBTOTAL(103,$B$3:B9) -> 7 | B9: 山腳 | C9: 山柑一號抽水井 | D9: K1140087 | E9: 1140811 | F9: 1190810 | G9: 9.616475 | H9: 苗栗縣苑裡鎮火炎山段401地號 | J9: 0.035 | K9: 20 | L9: =J9*K9*60*60*365 -> 919800 | M9: 100 | N9: 每月 | O9: 大安溪 | P9: 114年8月重新許可 | S9: =J9*K9*60*60 -> 2520
A10: =SUBTOTAL(103,$B$3:B10) -> 8 | B10: 山腳 | C10: 山柑二號抽水井 | D10: K0124362 | E10: 1130711 | F10: 1180710 | G10: 9.796735 | H10: 苗栗縣苑裡鎮社柑段2201-1地號 | J10: 0.035 | K10: 20 | L10: =J10*K10*60*60*365 -> 919800 | M10: 42 | N10: 每月 | O10: 大安溪 | S10: =J10*K10*60*60 -> 2520
A11: =SUBTOTAL(103,$B$3:B11) -> 9 | B11: 山腳 | C11: 濁水二號抽水井 | D11: K1140122 | E11: 1141011 | F11: 1191010 | G11: 6.279985 | H11: 苗栗縣苑裡鎮火炎山段974-1地號 | J11: 0.023 | K11: 20 | L11: =J11*K11*60*60*365 -> 604440 | M11: 100 | N11: 每月 | O11: 大安溪 | P11: 114年10月新增 | S11: =J11*K11*60*60 -> 1656
A12: =SUBTOTAL(103,$B$3:B12) -> 10 | B12: 苑裡 | C12: 新復一號抽水井 | D12: K0123688 | E12: 1110101 | F12: 1151231 | G12: 20.77669 | H12: 苗栗縣苑裡鎮新復東段702地號 | J12: 0.0613 | K12: 20 | L12: =J12*K12*60*60*365 -> 1610964 | M12: 150 | N12: 每月 | O12: 大安溪 | S12: =J12*K12*60*60 -> 4413.6
A13: =SUBTOTAL(103,$B$3:B13) -> 11 | B13: 苑裡 | C13: 新復二號抽水井 | D13: K0123786 | E13: 1130201 | F13: 1180131 | G13: 9.373183 | H13: 苗栗縣苑裡鎮新復東段277-1地號 | J13: 0.038 | K13: 20 | L13: =J13*K13*60*60*365 -> 998640 | M13: 96 | N13: 每月 | O13: 大安溪 | S13: =J13*K13*60*60 -> 2736
A14: =SUBTOTAL(103,$B$3:B14) -> 12 | B14: 苑裡 | C14: 田心小組抽水井 | D14: K0123766 | E14: 1121201 | F14: 1171130 | G14: 17.7692 | H14: 苗栗縣苑裡鎮田中段620地號 | J14: 0.07 | K14: 20 | L14: =J14*K14*60*60*365 -> 1839600 | M14: 84 | N14: 每月 | O14: 大安溪 | S14: =J14*K14*60*60 -> 5040
A15: =SUBTOTAL(103,$B$3:B15) -> 13 | B15: 苑裡 | C15: 田心二號抽水井 | D15: K0124420 | E15: 1140401 | F15: 1190331 | G15: 12.9296 | H15: 苗栗縣苑裡鎮田中段1068地號 | J15: 0.0525 | K15: 20 | L15: =J15*K15*60*60*365 -> 1379700 | M15: 126 | N15: 每月 | O15: 大安溪 | S15: =J15*K15*60*60 -> 3780
A16: =SUBTOTAL(103,$B$3:B16) -> 14 | B16: 苑裡 | C16: 西勢支線抽水井 | D16: K0123779 | E16: 1130201 | F16: 1180131 | G16: 4.3805 | H16: 苗栗縣苑裡鎮西海段452地號 | J16: 0.0175 | K16: 20 | L16: =J16*K16*60*60*365 -> 459900 | M16: 150 | N16: 每月 | O16: 大安溪 | S16: =J16*K16*60*60 -> 1260
A17: =SUBTOTAL(103,$B$3:B17) -> 15 | B17: 苑裡 | C17: 砂埤支線抽水井 | D17: K0124485 | E17: 1140901 | F17: 1190831 | G17: 6.1158 | H17: 苗栗縣苑裡鎮舊社段644-5地號 | J17: 0.025 | K17: 20 | L17: =J17*K17*60*60*365 -> 657000 | M17: 84 | N17: 每月 | O17: 大安溪 | S17: =J17*K17*60*60 -> 1800
A18: =SUBTOTAL(103,$B$3:B18) -> 16 | B18: 泰安 | C18: 新店圳一號抽水井 | D18: B0130278 | E18: 1120201 | F18: 1170131 | G18: 23.758244 | H18: 臺中市后里區新店東段42地號 | J18: 0.076 | K18: 20 | L18: =J18*K18*60*60*365 -> 1997280 | M18: 120 | N18: 每月 | O18: 大安溪 | S18: =J18*K18*60*60 -> 5472
A19: =SUBTOTAL(103,$B$3:B19) -> 17 | B19: 泰安 | C19: 七公圳一號抽水井 | D19: B0130267 | E19: 1120201 | F19: 1170131 | G19: 23.946354 | H19: 臺中市后里區泰安段348地號 | J19: 0.076 | K19: 20 | L19: =J19*K19*60*60*365 -> 1997280 | M19: 120 | N19: 每月 | O19: 大安溪 | S19: =J19*K19*60*60 -> 5472
A20: =SUBTOTAL(103,$B$3:B20) -> 18 | B20: 泰安 | C20: 七公圳二號抽水井 | D20: B1040342 | E20: 1140624 | F20: 1190623 | G20: 4.6187 | H20: 臺中市后里區里城段1地號東側 | J20: 0.0482 | K20: 8.15 | L20: =J20*K20*60*60*365 -> 516178.62 | M20: 120 | N20: 每月 | O20: 大安溪 | P20: 1140624，引水月份由2-4月修正為全年 | S20: =J20*K20*60*60 -> 1414.188
A21: =SUBTOTAL(103,$B$3:B21) -> 19 | B21: 泰安 | C21: 新店圳二號抽水井 | D21: B1140020 | E21: 1140108 | F21: 1190107 | G21: 2.041091 | H21: 臺中市后里區新店西段531-1地號 | J21: 0.032 | K21: 4.6 | L21: =J21*K21*60*60*365 -> 193420.8 | M21: 80 | N21: 每月 | O21: 大安溪 | P21: 114年1月新增 | S21: =J21*K21*60*60 -> 529.92
A22: =SUBTOTAL(103,$B$3:B22) -> 20 | B22: 泰安 | C22: 新店圳三號抽水井 | D22: B1140033 | E22: 1140120 | F22: 1190119 | G22: 2.335306 | H22: 臺中市外埔區上土城段37-1地號 | J22: 0.028 | K22: 6.5 | L22: =(((J22*K22)*60)*60)*365 -> 239148 | M22: 80 | N22: 每月 | O22: 大安溪 | P22: 114年1月新增 | S22: =J22*K22*60*60 -> 655.2
A23: =SUBTOTAL(103,$B$3:B23) -> 21 | B23: 屯子腳 | C23: 內埔圳一號抽水井 | D23: B0970028 | E23: 1120801 | F23: 1170731 | G23: 7.725775 | H23: 臺中市后里區七星段50地號 | J23: 0.075 | K23: 7 | L23: =J23*K23*60*60*365 -> 689850 | M23: 150 | N23: 每月 | O23: 大甲溪 | S23: =J23*K23*60*60 -> 1890
A24: =SUBTOTAL(103,$B$3:B24) -> 22 | B24: 屯子腳 | C24: 內埔圳二號抽水井 | D24: B0970027 | E24: 1120801 | F24: 1170731 | G24: 6.240027 | H24: 臺中市后里區平安段1221地號 | J24: 0.035 | K24: 10 | L24: =J24*K24*60*60*365 -> 459900 | M24: 120 | N24: 每月 | O24: 大甲溪 | S24: =J24*K24*60*60 -> 1260
A25: =SUBTOTAL(103,$B$3:B25) -> 23 | B25: 屯子腳 | C25: 內埔圳二支線一號抽水井 | D25: B1070014 | E25: 1120125 | F25: 1170124 | G25: 5.8769 | H25: 臺中市后里區金社庄段324地號 | J25: 0.0286 | K25: 7 | L25: =J25*K25*60*60*365 -> 263062.8 | M25: 150 | N25: 每月 | O25: 大甲溪 | S25: =J25*K25*60*60 -> 720.72
A26: =SUBTOTAL(103,$B$3:B26) -> 24 | B26: 屯子腳 | C26: 內埔圳二支線二號抽水井 | D26: B1100760 | E26: 1101115 | F26: 1151114 | G26: 5.4643 | H26: 臺中市后里區金城段516-2地號 | J26: 0.039 | K26: 12 | L26: =J26*K26*60*60*365 -> 614952 | M26: 138 | N26: 每月 | O26: 大甲溪 | S26: =J26*K26*60*60 -> 1684.8
A27: =SUBTOTAL(103,$B$3:B27) -> 25 | B27: 屯子腳 | C27: 內埔圳梅仔腳溝支線水井 | D27: B1140111 | E27: 1140513 | F27: 1190512 | G27: 3.432504 | H27: 臺中市后里區枋寮段1014-0000號 | J27: 0.07 | K27: 4 | L27: =J27*K27*60*60*365 -> 367920 | M27: 100 | N27: 每月 | O27: 大甲溪 | P27: 1140512新增 | S27: =J27*K27*60*60 -> 1008
A28: =SUBTOTAL(103,$B$3:B28) -> 26 | B28: 磁瑤 | C28: 后里圳一號抽水井 | D28: B0112603 | E28: 1131031 | F28: 1181030 | G28: 9.0875 | H28: 臺中市外埔區頂竹圍段104地號 | J28: 0.023 | K28: 20 | L28: =J28*K28*60*60*365 -> 604440 | M28: 150 | N28: 每月 | O28: 大安溪 | S28: =J28*K28*60*60 -> 1656
A29: =SUBTOTAL(103,$B$3:B29) -> 27 | B29: 磁瑤 | C29: 后里圳三號抽水井 | D29: B0930053 | E29: 1131216 | F29: 1181215 | G29: 2.2667 | H29: 臺中市外埔區下鐵山段862地號 | J29: 0.016 | K29: 12 | L29: =J29*K29*60*60*365 -> 252288 | M29: 180 | N29: 每月 | O29: 大安溪 | S29: =J29*K29*60*60 -> 691.2
A30: =SUBTOTAL(103,$B$3:B30) -> 28 | B30: 磁瑤 | C30: 后里圳四號抽水井 | D30: B0950059 | E30: 1100901 | F30: 1150831 | G30: 0.4965 | H30: 臺中市外埔區上鐵山段137地號 | J30: 0.0053 | K30: 8 | L30: =J30*K30*60*60*365 -> 55713.6 | M30: 121 | N30: 每月 | O30: 大安溪 | S30: =J30*K30*60*60 -> 152.64
A31: =SUBTOTAL(103,$B$3:B31) -> 29 | B31: 磁瑤 | C31: 后里圳七支線二號抽水井 | D31: B1070109 | E31: 1120622 | F31: 1170621 | G31: 1.910968 | H31: 臺中市外埔區永吉段1182地號 | J31: 0.016 | K31: 8.5 | L31: =J31*K31*60*60*365 -> 178704 | M31: 150 | N31: 每月 | O31: 大安溪 | S31: =J31*K31*60*60 -> 489.6
A32: =SUBTOTAL(103,$B$3:B32) -> 30 | B32: 磁瑤 | C32: 后里圳六支線一號抽水井 | D32: B1080127 | E32: 1130721 | F32: 1180720 | G32: 4.1153 | H32: 臺中市外埔區三崁段366地號 | J32: 0.028 | K32: 10.5 | L32: =J32*K32*60*60*365 -> 386316 | M32: 150 | N32: 每月 | O32: 大安溪 | S32: =J32*K32*60*60 -> 1058.4
A33: =SUBTOTAL(103,$B$3:B33) -> 31 | B33: 磁瑤 | C33: 后里圳七支線一號抽水井 | D33: B1100779 | E33: 1101201 | F33: 1151130 | G33: 2.187488 | H33: 臺中市外埔區新六分段564地號 | J33: 0.008 | K33: 20 | L33: =J33*K33*60*60*365 -> 210240 | M33: 150 | N33: 每月 | O33: 大安溪 | S33: =J33*K33*60*60 -> 576
A34: =SUBTOTAL(103,$B$3:B34) -> 32 | B34: 磁瑤 | C34: 后里圳二號抽水井 | D34: B1140109 | E34: 1140513 | F34: 1190512 | G34: 1.785797 | H34: 臺中市外埔區頂竹圍段0105-0000地號 | J34: 0.0116 | K34: 0.5 | L34: =J34*K34*60*60*365 -> 7621.2 | M34: 150 | N34: 每月 | O34: 大安溪 | P34: 1140515新增 | S34: =J34*K34*60*60 -> 20.88
A35: =SUBTOTAL(103,$B$3:B35) -> 33 | B35: 磁瑤 | C35: 后里圳七支線三號抽水井 | D35: B1140110 | E35: 1140513 | F35: 1190512 | G35: 0.835569 | H35: 臺中市外埔區新磁瑤段0138-0000地號 | J35: 0.0162 | K35: 1.5 | L35: =J35*K35*60*60*365 -> 31930.2 | M35: 130 | N35: 每月 | O35: 大安溪 | P35: 1140515新增 | S35: =J35*K35*60*60 -> 87.48 | U35: =SUM(J36:J52) -> 0.4957
A36: =SUBTOTAL(103,$B$3:B36) -> 34 | B36: 月眉 | C36: 后里圳幹線抽水井 | D36: B1090023 | E36: 1140301 | F36: 1190228 | G36: 3.121956 | H36: 臺中市后里區四月段264地號 | J36: 0.033 | K36: 7 | L36: =J36*K36*60*60*365 -> 303534 | M36: 150 | N36: 每月 | O36: 大安溪 | S36: =J36*K36*60*60 -> 831.6 | U36: =SUM(J28:J35) -> 0.1241
A37: =SUBTOTAL(103,$B$3:B37) -> 35 | B37: 月眉 | C37: 月眉站舊辦公廳地下水抽水井 | D37: B0130304 | E37: 1120301 | F37: 1170229 | G37: 0.5 | H37: 臺中市后里區后寶段792地號 | J37: 0.009 | K37: 10 | L37: =J37*K37*60*60*365 -> 118260 | M37: 91 | N37: 每月 | O37: 大安溪 | S37: =J37*K37*60*60 -> 324
A38: =SUBTOTAL(103,$B$3:B38) -> 36 | B38: 月眉 | C38: 后里圳月眉排水補給抽水井 | D38: B1070176 | E38: 1120921 | F38: 1170920 | G38: 4.7724 | H38: 臺中市后里區四塊厝段350地號 | J38: 0.034 | K38: 6.5 | L38: =J38*K38*60*60*365 -> 290394 | M38: 150 | N38: 每月 | O38: 大安溪 | S38: =J38*K38*60*60 -> 795.6
A39: =SUBTOTAL(103,$B$3:B39) -> 37 | B39: 月眉 | C39: 后里圳三支線上游補給抽水井 | D39: B1060117 | E39: 1111023 | F39: 1161022 | G39: 5.060208 | H39: 臺中市后里區眉山西段279地號 | J39: 0.036 | K39: 12 | L39: =J39*K39*60*60*365 -> 567648 | M39: 150 | N39: 每月 | O39: 大安溪 | S39: =J39*K39*60*60 -> 1555.2
A40: =SUBTOTAL(103,$B$3:B40) -> 38 | B40: 月眉 | C40: 后里圳三支線中游補給抽水井 | D40: B1040345 | E40: 1140702 | F40: 1190701 | G40: 8.365843 | H40: 臺中市后里區四塊庄段401地號 | J40: 0.033 | K40: 16 | L40: =J40*K40*60*60*365 -> 693792 | M40: 150 | N40: 每月 | O40: 大安溪 | S40: =J40*K40*60*60 -> 1900.8
A41: =SUBTOTAL(103,$B$3:B41) -> 39 | B41: 月眉 | C41: 后里圳三支線中游二號抽水井 | D41: B1100675 | E41: 1150920 | F41: 1200919 | G41: 2.465661 | H41: 臺中市后里區四月段433地號 | I41: 機械動力抽汲地下水，設水井管徑400公厘鋼管水井1座及出水管徑150公厘、55匹馬力沉水式電動抽水機1台 | J41: 0.0344 | K41: 6 | L41: =J41*K41*60*60*365 -> 271209.6 | M41: 138 | N41: 每月 | O41: 大安溪 | S41: =J41*K41*60*60 -> 743.04
A42: =SUBTOTAL(103,$B$3:B42) -> 40 | B42: 月眉 | C42: 后里圳三支線下游補給抽水井 | D42: B1030025 | E42: 1130331 | F42: 1180330 | G42: 9.224496 | H42: 臺中市后里區口庄段162地號 | J42: 0.032 | K42: 13 | L42: =J42*K42*60*60*365 -> 546624 | M42: 150 | N42: 每月 | O42: 大安溪 | S42: =J42*K42*60*60 -> 1497.6
A43: =SUBTOTAL(103,$B$3:B43) -> 41 | B43: 月眉 | C43: 后里圳三支線下游二號抽水井 | D43: B1090151 | E43: 1141023 | F43: 1191022 | G43: 3.0739 | H43: 臺中市后里區口庄段162地號 | J43: 0.0277 | K43: 6.7 | L43: =J43*K43*60*60*365 -> 243865.26 | M43: 150 | N43: 每月 | O43: 大安溪 | S43: =J43*K43*60*60 -> 668.124
A44: =SUBTOTAL(103,$B$3:B44) -> 42 | B44: 月眉 | C44: 后里圳四支線中下游抽水井 | D44: B1050164 | E44: 1110110 | F44: 1160109 | G44: 6.537497 | H44: 臺中市外埔區三崁段50地號 | J44: 0.0282 | K44: 17 | L44: =J44*K44*60*60*365 -> 629931.6 | M44: 150 | N44: 每月 | O44: 大安溪 | S44: =J44*K44*60*60 -> 1725.84
A45: =SUBTOTAL(103,$B$3:B45) -> 43 | B45: 月眉 | C45: 后里圳五支線補給抽水井 | D45: B1080096 | E45: 1130523 | F45: 1180522 | G45: 8.334606 | H45: 臺中市外埔區三崁段279地號 | J45: 0.0359 | K45: 13 | L45: =J45*K45*60*60*365 -> 613243.8 | M45: 150 | N45: 每月 | O45: 大安溪 | S45: =J45*K45*60*60 -> 1680.12
A46: =SUBTOTAL(103,$B$3:B46) -> 44 | B46: 月眉 | C46: 后里圳五支線中下游抽水井 | D46: B1050034 | E46: 1150510 | F46: 1200509 | G46: 5.052352 | H46: 臺中市外埔區三崁段279-2地號 | J46: 0.0243 | K46: 5.2 | L46: =J46*K46*60*60*365 -> 166037.04 | M46: 150 | N46: 每月 | O46: 大安溪 | S46: =J46*K46*60*60 -> 454.896
A47: =SUBTOTAL(103,$B$3:B47) -> 45 | B47: 月眉 | C47: 后里圳五支線下游抽水井 | D47: B1090135 | E47: 1140925 | F47: 1190924 | G47: 7.638331 | H47: 臺中市外埔區三崁段279-2地號 | J47: 0.037 | K47: 12 | L47: =J47*K47*60*60*365 -> 583416 | M47: 150 | N47: 每月 | O47: 大安溪 | S47: =J47*K47*60*60 -> 1598.4
A48: =SUBTOTAL(103,$B$3:B48) -> 46 | B48: 月眉 | C48: 后里圳五支線之一上游補給抽水井 | D48: B1070175 | E48: 1120925 | F48: 1170924 | G48: 3.711285 | H48: 臺中市外埔區二崁段1-2地號 | J48: 0.0263 | K48: 6.5 | L48: =J48*K48*60*60*365 -> 224628.3 | M48: 150 | N48: 每月 | O48: 大安溪 | S48: =J48*K48*60*60 -> 615.42
A49: =SUBTOTAL(103,$B$3:B49) -> 47 | B49: 月眉 | C49: 后里圳五支線之一下游補給抽水井 | D49: B1030009 | E49: 1130307 | F49: 1180306 | G49: 1.556702 | H49: 臺中市外埔區水美南段1069地號 | J49: 0.034 | K49: 3 | L49: =J49*K49*60*60*365 -> 134028 | M49: 150 | N49: 每月 | O49: 大安溪 | S49: =J49*K49*60*60 -> 367.2
A50: =SUBTOTAL(103,$B$3:B50) -> 48 | B50: 月眉 | C50: 后里圳五支線之一延長線補給抽水井 | D50: B1060151 | E50: 1111211 | F50: 1161210 | G50: 2.943065 | H50: 臺中市外埔區水美西段85地號 | J50: 0.0123 | K50: 11 | L50: =J50*K50*60*60*365 -> 177784.2 | M50: 150 | N50: 每月 | O50: 大安溪 | S50: =J50*K50*60*60 -> 487.08
A51: =SUBTOTAL(103,$B$3:B51) -> 49 | B51: 月眉 | C51: 后里圳五支線之一延長線上游抽水井 | D51: B1100662 | E51: 1150825 | F51: 1200824 | G51: 3.219733 | H51: 臺中市外埔區水美南段1069地號 | I51: 機械動力抽汲地下水，設水井管徑406.4公厘鋼管水井1座及出水管徑152.4公厘、45匹馬力沉水式電動抽水機1台 | J51: 0.025 | K51: 11 | L51: =J51*K51*60*60*365 -> 361350 | M51: 138 | N51: 每月 | O51: 大安溪 | S51: =J51*K51*60*60 -> 990
A52: =SUBTOTAL(103,$B$3:B52) -> 50 | B52: 月眉 | C52: 后里圳五支線之一延長線下游抽水井 | D52: B1090031 | E52: 1140304 | F52: 1190303 | G52: 1.783023 | H52: 臺中市外埔區水美東段686地號 | J52: 0.0336 | K52: 3 | L52: =J52*K52*60*60*365 -> 132451.2 | M52: 150 | N52: 每月 | O52: 大安溪 | S52: =J52*K52*60*60 -> 362.88
A53: =SUBTOTAL(103,$B$3:B53) -> 51 | B53: 日南 | C53: 日南站一號抽水井-日南圳 | D53: B0115482 | E53: 1141001 | F53: 1190930 | G53: 11.371539 | H53: 臺中市大甲區日新段69-52地號 | J53: 0.064 | K53: 15 | L53: =J53*K53*60*60*365 -> 1261440 | M53: 15 | N53: 每月 | O53: 大安溪 | S53: =J53*K53*60*60 -> 3456
A54: =SUBTOTAL(103,$B$3:B54) -> 52 | B54: 日南 | C54: 日南站二號抽水井-日南圳 | D54: B0110761 | E54: 1130916 | F54: 1180915 | G54: 9.935129 | H54: 臺中市大甲區新興段186地號 | J54: 0.08 | K54: 10.5 | L54: =J54*K54*60*60*210 -> 635040 | M54: 15 | N54: 2-5月、7-9月 | O54: 大安溪 | S54: =J54*K54*60*60 -> 3024
A55: =SUBTOTAL(103,$B$3:B55) -> 53 | B55: 日南 | C55: 日南站三號抽水井(深水井)-日南圳 | D55: B0990027 | E55: 1130101 | F55: 1171231 | G55: 12.861636 | H55: 臺中市大甲區日新段551-1地號 | J55: 0.035 | K55: 20 | L55: =J55*K55*60*60*365 -> 919800 | M55: 150 | N55: 每月 | O55: 大安溪 | S55: =J55*K55*60*60 -> 2520
A56: =SUBTOTAL(103,$B$3:B56) -> 54 | B56: 日南 | C56: 日南站三號抽水井(淺水井)-日南圳 | D56: B0120538 | E56: 1120101 | F56: 1161231 | G56: 9.780269 | H56: 臺中市大甲區日新段551-1地號 | J56: 0.083 | K56: 10 | L56: =J56*K56*60*60*365 -> 1090620 | M56: 9 | N56: 每月 | O56: 大安溪 | S56: =J56*K56*60*60 -> 2988
A57: =SUBTOTAL(103,$B$3:B57) -> 55 | B57: 日南 | C57: 日南站四號抽水井-日南圳 | D57: B0115526 | E57: 1130101 | F57: 1171231 | G57: 16.245999 | H57: 臺中市大甲區日新段6-302地號 | J57: 0.085 | K57: 15 | L57: =J57*K57*60*60*210 -> 963900 | M57: 11.2 | N57: 2-5月、7-9月 | O57: 大安溪 | S57: =J57*K57*60*60 -> 4590
A58: =SUBTOTAL(103,$B$3:B58) -> 56 | B58: 日南 | C58: 日南站五號抽水井-日南圳 | D58: B1020065 | E58: 1120801 | F58: 1170731 | G58: 7.718237 | H58: 臺中市大甲區日新段6-627地號 | J58: 0.0378 | K58: 15 | L58: =J58*K58*60*60*365 -> 745038 | M58: 90 | N58: 每月 | O58: 大安溪 | S58: =J58*K58*60*60 -> 2041.2
A59: =SUBTOTAL(103,$B$3:B59) -> 57 | B59: 日南 | C59: 日南站六號抽水井(深水井)-日南圳 | D59: B1000076 | E59: 1101201 | F59: 1151130 | G59: 7.879466 | H59: 臺中市大甲區日新段551-2地號 | J59: 0.034 | K59: 20 | L59: =J59*K59*60*60*365 -> 893520 | M59: 150 | N59: 每月 | O59: 大安溪 | S59: =J59*K59*60*60 -> 2448
A60: =SUBTOTAL(103,$B$3:B60) -> 58 | B60: 日南 | C60: 日南站六號抽水井(淺水井)-日南圳 | D60: B0117179 | E60: 1100802 | F60: 1150801 | G60: 7.300767 | H60: 臺中市大甲區日新段551-2地號 | J60: 0.08 | K60: 8 | L60: =J60*K60*60*60*365 -> 840960 | M60: 12.8 | N60: 每月 | O60: 大安溪 | S60: =J60*K60*60*60 -> 2304
A61: =SUBTOTAL(103,$B$3:B61) -> 59 | B61: 日南 | C61: 日南站六股排水抽水井-日南圳 | D61: B1080051 | E61: 1130101 | F61: 1171231 | G61: 3.422651 | H61: 臺中市大甲區新興段14-31地號 | J61: 0.022 | K61: 12 | L61: =J61*K61*60*60*365 -> 346896 | M61: 50 | N61: 每月 | O61: 大安溪 | S61: =J61*K61*60*60 -> 950.4
A62: =SUBTOTAL(103,$B$3:B62) -> 60 | B62: 日南 | C62: 日南站七號抽水井-九張犁圳 | D62: B0108729 | E62: 1121201 | F62: 1171130 | G62: 13.7194 | H62: 臺中市大甲區九張犁段九張犁小段499-32地號 | J62: 0.064 | K62: 16 | L62: =J62*K62*60*60*270 -> 995328 | M62: 120 | N62: 2-10月 | O62: 大安溪 | S62: =J62*K62*60*60 -> 3686.4
A63: =SUBTOTAL(103,$B$3:B63) -> 61 | B63: 日南 | C63: 日南站八號抽水井-日南圳 | D63: B1050044 | E63: 1130101 | F63: 1171231 | G63: 4.3873 | H63: 臺中市大甲區日南段741-43地號 | J63: 0.036 | K63: 10 | L63: =J63*K63*60*60*365 -> 473040 | M63: 150 | N63: 每月 | O63: 大安溪 | P63: 1月、12月每月引水日數為10日 | S63: =J63*K63*60*60 -> 1296
A64: =SUBTOTAL(103,$B$3:B64) -> 62 | B64: 日南 | C64: 日南站九號抽水井-九張犁圳 | D64: B1070150 | E64: 1120810 | F64: 1170809 | G64: 5.878 | H64: 臺中市大甲區九張犁段九張犁小段834-3地號 | J64: 0.0336 | K64: 14 | L64: =J64*K64*60*60*365 -> 618105.6 | M64: 150 | N64: 每月 | O64: 大安溪 | S64: =J64*K64*60*60 -> 1693.44
A65: =SUBTOTAL(103,$B$3:B65) -> 63 | B65: 日南 | C65: 日南站十號抽水井-九張犁圳 | D65: B1080171 | E65: 1130101 | F65: 1171231 | G65: 9.0677 | H65: 臺中市大甲區五里牌段378-2地號 | J65: 0.057 | K65: 12 | L65: =J65*K65*60*60*365 -> 898776 | M65: 108 | N65: 每月 | O65: 大安溪 | S65: =J65*K65*60*60 -> 2462.4
A66: =SUBTOTAL(103,$B$3:B66) -> 64 | B66: 日南 | C66: 日南站十一號抽水井-九張犁圳 | D66: B1090136 | E66: 1130101 | F66: 1171231 | G66: 3.3826 | H66: 臺中市大甲區九張犁段九張犁小段311-10地號 | J66: 0.021 | K66: 12 | L66: =J66*K66*60*60*365 -> 331128 | M66: 150 | N66: 每月 | O66: 大安溪 | S66: =J66*K66*60*60 -> 907.2
A67: =SUBTOTAL(103,$B$3:B67) -> 65 | B67: 日南 | C67: 日南站十二號抽水井-日南圳 | D67: B1100047 | E67: 1130101 | F67: 1171231 | G67: 4.701364 | H67: 臺中市大甲區黎明段803地號 | J67: 0.019 | K67: 19 | L67: =J67*K67*60*60*365 -> 474354 | M67: 132 | N67: 每月 | O67: 大安溪 | S67: =J67*K67*60*60 -> 1299.6
A68: =SUBTOTAL(103,$B$3:B68) -> 66 | B68: 日南 | C68: 日南站十三號抽水井-九張犁圳 | D68: B1100087 | E68: 1130101 | F68: 1171231 | G68: 6.189 | H68: 臺中市大甲區五里牌段356-1地號 | J68: 0.037 | K68: 13 | L68: =J68*K68*60*60*365 -> 632034 | M68: 132 | N68: 每月 | O68: 大安溪 | S68: =J68*K68*60*60 -> 1731.6
A69: =SUBTOTAL(103,$B$3:B69) -> 67 | B69: 日南 | C69: 日南站十四號抽水井-九張犁圳 | D69: B1120077 | E69: 1120501 | F69: 1170430 | G69: 4.8347 | H69: 臺中市大甲區雙寮段753地號 | J69: 0.039 | K69: 10.5 | L69: =J69*K69*60*60*365 -> 538083 | M69: 60 | N69: 每月 | O69: 大安溪 | S69: =J69*K69*60*60 -> 1474.2
A70: =SUBTOTAL(103,$B$3:B70) -> 68 | B70: 日南 | C70: 日南站十五號抽水井-日南圳 | D70: B1130014 | E70: 1130118 | F70: 1180117 | G70: 1.266956 | H70: 臺中市大甲區南社段269-33地號 | J70: 0.022 | K70: 4.5 | L70: =J70*K70*60*60*365 -> 130086 | M70: 60 | N70: 每月 | O70: 大安溪 | S70: =J70*K70*60*60 -> 356.4
A71: =SUBTOTAL(103,$B$3:B71) -> 69 | B71: 日南 | C71: 日南站十六號抽水井-九張犁圳 | D71: B1130251 | E71: 1130919 | F71: 1180918 | G71: 2.4946 | H71: 臺中市大甲區九張犁段九張犁小段461-2地號 | J71: 0.032 | K71: 6.2 | L71: =J71*K71*60*60*365 -> 260697.6 | M71: 80 | N71: 每月 | O71: 大安溪 | S71: =J71*K71*60*60 -> 714.24
A72: =SUBTOTAL(103,$B$3:B72) -> 70 | B72: 日南 | C72: 日南站十七號抽水井-日南圳 | D72: B1130250 | E72: 1130919 | F72: 1180918 | G72: 1.379299 | H72: 臺中市大甲區南社段451-1地號 | J72: 0.035 | K72: 3 | L72: =J72*K72*60*60*365 -> 137970 | M72: 80 | N72: 每月 | O72: 大安溪 | S72: =J72*K72*60*60 -> 378
A73: =SUBTOTAL(103,$B$3:B73) -> 71 | B73: 日南 | C73: 日南站十八號抽水井-九張犁圳 | D73: B1140139 | E73: 1140702 | F73: 1190701 | G73: 3.852141 | H73: 臺中市大甲區建興段845地號 | J73: 0.0463 | K73: 6.5 | L73: =J73*K73*60*60*365 -> 395448.3 | M73: 60 | N73: 每月 | O73: 大安溪 | P73: 114年7月新增 | S73: =J73*K73*60*60 -> 1083.42
A74: =SUBTOTAL(103,$B$3:B74) -> 72 | B74: 大甲 | C74: 頂店圳一號抽水井 | D74: B0118814 | E74: 1101001 | F74: 1150930 | G74: 4.2777 | H74: 臺中市大甲區甲嘉段541地號 | J74: 0.036 | K74: 10 | L74: =J74*K74*60*60*365 -> 473040 | M74: 100 | N74: 每月 | O74: 大安溪 | S74: =J74*K74*60*60 -> 1296
A75: =SUBTOTAL(103,$B$3:B75) -> 73 | B75: 大甲 | C75: 頂店圳二號抽水井 | D75: B0117178 | E75: 1150802 | F75: 1200801 | G75: 4.3625 | H75: 臺中市大甲區甲惠段577地號 | J75: 0.036 | K75: 10 | L75: =J75*K75*60*60*365 -> 473040 | M75: 100 | N75: 每月 | O75: 大安溪 | S75: =J75*K75*60*60 -> 1296
A76: =SUBTOTAL(103,$B$3:B76) -> 74 | B76: 大甲 | C76: 頂店圳三號抽水井 | D76: B0970046 | E76: 1121231 | F76: 1171230 | G76: 9.023439 | H76: 臺中市大甲區甲嘉段567地號 | J76: 0.036 | K76: 24 | L76: =J76*K76*60*60*365 -> 1135296 | M76: 120 | N76: 每月 | O76: 大安溪 | S76: =J76*K76*60*60 -> 3110.4
A77: =SUBTOTAL(103,$B$3:B77) -> 75 | B77: 大甲 | C77: 頂店圳四號抽水井 | D77: B0990021 | E77: 1131201 | F77: 1181130 | G77: 2.4973 | H77: 臺中市大甲區甲嘉段562地號 | J77: 0.0174 | K77: 12 | L77: =J77*K77*60*60*365 -> 274363.2 | M77: 150 | N77: 每月 | O77: 大安溪 | S77: =J77*K77*60*60 -> 751.68
A78: =SUBTOTAL(103,$B$3:B78) -> 76 | B78: 大甲 | C78: 頂店圳五號抽水井 | D78: B1020099 | E78: 1121016 | F78: 1171015 | G78: 12.7186 | H78: 臺中市大甲區甲農段640地號 | J78: 0.054 | K78: 20 | L78: =J78*K78*60*60*365 -> 1419120 | M78: 108 | N78: 每月 | O78: 大安溪 | S78: =J78*K78*60*60 -> 3888
A79: =SUBTOTAL(103,$B$3:B79) -> 77 | B79: 大甲 | C79: 頂店圳六號抽水井 | D79: B1020119 | E79: 1121021 | F79: 1171020 | G79: 9.3507 | H79: 臺中市大安區安實段577地號 | J79: 0.043 | K79: 18 | L79: =J79*K79*60*60*365 -> 1017036 | M79: 108 | N79: 每月 | O79: 大安溪 | S79: =J79*K79*60*60 -> 2786.4
A80: =SUBTOTAL(103,$B$3:B80) -> 78 | B80: 大甲 | C80: 頂店圳七號抽水井 | D80: B1020100 | E80: 1121016 | F80: 1171015 | G80: 11.1968 | H80: 臺中市大甲區甲嘉段541地號 | J80: 0.04 | K80: 20 | L80: =J80*K80*60*60*365 -> 1051200 | M80: 150 | N80: 每月 | O80: 大安溪 | S80: =J80*K80*60*60 -> 2880
A81: =SUBTOTAL(103,$B$3:B81) -> 79 | B81: 大甲 | C81: 頂店圳八號抽水井 | D81: B1090091 | E81: 1140625 | F81: 1190624 | G81: 4.1506 | H81: 臺中市大甲區甲全段632地號 | J81: 0.0434 | K81: 8 | L81: =J81*K81*60*60*365 -> 456220.8 | M81: 120 | N81: 每月 | O81: 大安溪 | S81: =J81*K81*60*60 -> 1249.92
A82: =SUBTOTAL(103,$B$3:B82) -> 80 | B82: 大甲 | C82: 頂店圳九號抽水井 | D82: B1120003 | E82: 1120109 | F82: 1170108 | G82: 4.9521 | H82: 臺中市大安區三十甲段19-8地號 | J82: 0.053 | K82: 8 | L82: =J82*K82*60*60*365 -> 557136 | M82: 120 | N82: 每月 | O82: 大安溪 | S82: =J82*K82*60*60 -> 1526.4
A83: =SUBTOTAL(103,$B$3:B83) -> 81 | B83: 大甲 | C83: 頂店圳十號抽水井 | D83: B1150050 | E83: 1150427 | F83: 1200426 | G83: 3.474588 | H83: 臺中市大甲區甲全段645地號 | J83: 0.035 | K83: 8 | L83: =J83*K83*60*60*365 -> 367920 | M83: 102 | N83: 每月 | O83: 大安溪 | P83: 115年4月新增
A84: =SUBTOTAL(103,$B$3:B84) -> 82 | B84: 大甲 | C84: 頂店圳十一號抽水井 | D84: B1150051 | E84: 1150427 | F84: 1200426 | G84: 4.0987 | H84: 臺中市大甲區甲民段463地號 | J84: 0.035 | K84: 10 | L84: =J84*K84*60*60*365 -> 459900 | M84: 102 | N84: 每月 | O84: 大安溪 | P84: 115年4月新增
A85: =SUBTOTAL(103,$B$3:B85) -> 83 | B85: 大甲 | C85: 頂店圳十二號抽水井 | D85: B1150052 | E85: 1150427 | F85: 1200426 | G85: 2.9141 | H85: 臺中市大安區安行段882地號 | J85: 0.035 | K85: 7 | L85: =J85*K85*60*60*365 -> 321930 | M85: 102 | N85: 每月 | O85: 大安溪 | P85: 115年4月新增
A86: =SUBTOTAL(103,$B$3:B86) -> 84 | B86: 大安 | C86: 虎眼一圳福興圳支線1號抽水井 | D86: B0960027 | E86: 1110701 | F86: 1160630 | G86: 7.1557 | H86: 臺中市大甲區文曲段472-1地號 | J86: 0.07 | K86: 8 | L86: =J86*K86*60*60*365 -> 735840 | M86: 120 | N86: 每月 | O86: 大甲溪 | S86: =J86*K86*60*60 -> 2016
A87: =SUBTOTAL(103,$B$3:B87) -> 85 | B87: 大安 | C87: 虎眼一圳頂破溪抽水井 | D87: B1120200 | E87: 1120921 | F87: 1170920 | G87: 1.594498 | H87: 臺中市外埔區水美西段344-1地號 | J87: 0.0087 | K87: 14 | L87: =J87*K87*60*60*365 -> 160045.2 | M87: 100 | N87: 每月 | O87: 大甲溪 | S87: =J87*K87*60*60 -> 438.48
A88: =SUBTOTAL(103,$B$3:B88) -> 86 | B88: 大安 | C88: 虎眼二圳中庄圳支線抽水井 | D88: B1140035 | E88: 1140121 | F88: 1190120 | G88: 0.825834 | H88: 臺中市大安區南勢厝段1地號 | J88: 0.046 | K88: 2.5 | L88: =J88*K88*60*60*365 -> 151110 | M88: 100 | N88: 每月 | O88: 大甲溪 | P88: 114年1月新增 | S88: =J88*K88*60*60 -> 414
A89: =SUBTOTAL(103,$B$3:B89) -> 87 | B89: 大安 | C89: 虎眼一圳頭前溝抽水井 | D89: B1140034 | E89: 1140121 | F89: 1190120 | G89: 1.236639 | H89: 臺中市大安區新三塊厝段4地號 | J89: 0.0496 | K89: 3.5 | L89: =J89*K89*60*60*365 -> 228110.4 | M89: 100 | N89: 每月 | O89: 大甲溪 | P89: 114年1月新增 | S89: =J89*K89*60*60 -> 624.96
A90: =SUBTOTAL(103,$B$3:B90) -> 88 | B90: 大安 | C90: 虎眼一圳福興圳支線2號抽水井 | D90: B1140037 | E90: 1140123 | F90: 1190122 | G90: 1.053895 | H90: 臺中市大甲區文安段73地號 | J90: 0.0441 | K90: 2 | L90: =J90*K90*60*60*365 -> 115894.8 | M90: 120 | N90: 每月 | O90: 大甲溪 | P90: 114年1月新增 | S90: =J90*K90*60*60 -> 317.52
A91: =SUBTOTAL(103,$B$3:B91) -> 89 | B91: 大安 | C91: 虎眼二圳草湖圳支線抽水井 | D91: B1150057 | E91: 1150505 | F91: 1200504 | G91: 1.211932 | H91: 臺中市大安區東安段638地號 | J91: 0.0402 | K91: 4.1 | L91: =J91*K91*60*60*365 -> 216573.48 | M91: 60 | N91: 每月 | O91: 大甲溪 | P91: 115年5月新增
A92: =SUBTOTAL(103,$B$3:B92) -> 90 | B92: 大安 | C92: 虎眼一圳後壁溝抽水井 | D92: B1150095 | E92: 1150629 | F92: 1200628 | G92: 1.55584 | H92: 臺中市大安區福東段11地號 | J92: 0.05 | K92: 4.2 | L92: =J92*K92*60*60*365 -> 275940 | M92: 100 | N92: 每月 | O92: 大甲溪 | P92: 115年7月新增
A93: =SUBTOTAL(103,$B$3:B93) -> 91 | B93: 大安 | C93: 虎眼一圳福興圳支線3號抽水井 | D93: B1150096 | E93: 1150629 | F93: 1200628 | G93: 1.553411 | H93: 臺中市大甲區文曲段333地號 | J93: 0.044 | K93: 4.8 | L93: =J93*K93*60*60*365 -> 277516.8 | M93: 100 | N93: 每月 | O93: 大甲溪 | P93: 115年7月新增
A94: =SUBTOTAL(103,$B$3:B94) -> 92 | B94: 大南 | C94: 新社圳抽水井 | D94: B0113848 | E94: 1130701 | F94: 1180630 | G94: 30.619324 | H94: 臺中市新社區神木段544地號 | J94: 0.047 | K94: 20 | L94: =J94*K94*60*60*365 -> 1235160 | M94: 100 | N94: 每月 | O94: 大甲溪 | S94: =J94*K94*60*60 -> 3384
A95: =SUBTOTAL(103,$B$3:B95) -> 93 | B95: 大南 | C95: 白冷圳馬力埔抽水井 | D95: B0130292 | E95: 1111201 | F95: 1161130 | G95: 26.1186 | H95: 臺中市新社區協中段354地號 | J95: 0.04 | K95: 20 | L95: =J95*K95*60*60*365 -> 1051200 | M95: 100 | N95: 每月 | O95: 大甲溪 | S95: =J95*K95*60*60 -> 2880
A96: =SUBTOTAL(103,$B$3:B96) -> 94 | B96: 大南 | C96: 白冷圳大南抽水井 | D96: B1050080 | E96: 1100701 | F96: 1150630 | G96: 31.6568 | H96: 臺中市新社區大南段大南小段127-50地號 | J96: 0.04 | K96: 24 | L96: =J96*K96*60*60*365 -> 1261440 | M96: 100 | N96: 每月 | O96: 大甲溪 | P96: 屆期不再申請 | S96: =J96*K96*60*60 -> 3456
A97: =SUBTOTAL(103,$B$3:B97) -> 95 | B97: 八寶 | C97: 太平一圳抽水井 | D97: B1060111 | E97: 1111013 | F97: 1161012 | G97: 1.486852 | H97: 臺中市北屯區大觀段405-1地號 | J97: 0.0106 | K97: 3 | L97: =J97*K97*60*60*365 -> 41785.2 | M97: 150 | N97: 每月 | O97: 烏溪 | S97: =J97*K97*60*60 -> 114.48
A98: =SUBTOTAL(103,$B$3:B98) -> 96 | B98: 八寶 | C98: 潭子區興龍段279地號抽水井 | D98: B1130052 | E98: 1130220 | F98: 1180219 | G98: 0.441783 | H98: 臺中市潭子區興龍段279地號 | J98: 0.0016 | K98: 24 | L98: =J98*K98*60*60*365 -> 50457.6 | M98: 300 | N98: 每月 | O98: 擴大灌溉服務 | P98: 農會報 | S98: =J98*K98*60*60 -> 138.24
A99: =SUBTOTAL(103,$B$3:B99) -> 97 | B99: 八寶 | C99: 潭子區興龍段69地號抽水井 | D99: B1130145 | E99: 1130430 | F99: 1180429 | G99: 1.348876 | H99: 臺中市潭子區興龍段69地號 | J99: 0.0016 | K99: 22 | L99: =J99*K99*60*60*365 -> 46252.8 | M99: 350 | N99: 每月 | O99: 擴大灌溉服務 | P99: 農會報 | S99: =J99*K99*60*60 -> 126.72
A100: =SUBTOTAL(103,$B$3:B100) -> 98 | B100: 八寶 | C100: 潭子區豐興段1282地號抽水井 | D100: B1140177 | E100: 1140819 | F100: 1190818 | G100: 0.150032 | H100: 臺中市潭子區豐興段1282地號 | J100: 0.0017 | K100: 17 | L100: =J100*K100*60*60*365 -> 37974.6 | M100: 264 | N100: 每月 | O100: 擴大灌溉服務 | P100: 農會報 | S100: =J100*K100*60*60 -> 104.04
...

Sheet 月實取水量表
A2: 編號 | B2: 站別 | C2: 名稱 | D2: 水權狀號 | E2: 一月 | F2: 二月 | G2: 三月 | H2: 四月 | I2: 五月 | J2: 六月 | K2: 七月 | L2: 八月 | M2: 九月 | N2: 十月 | O2: 十一月 | P2: 十二月 | Q2: 年實取水量(m³)
A3: 1 | B3: ='總表'!B3 -> 卓蘭 | C3: ='總表'!C3 -> 苗豐抽水井 | D3: ='總表'!D3 -> K0124239 | E3: ='卓蘭站'!$D8 -> 26.34372 | F3: ='卓蘭站'!$D9 -> 801.2628 | G3: ='卓蘭站'!$D10 -> 2255.9472 | H3: ='卓蘭站'!$D11 -> 10.139996 | I3: ='卓蘭站'!$D12 -> 0 | J3: ='卓蘭站'!$D13 -> 1679.184 | K3: ='卓蘭站'!$D14 -> 906.51539 | L3: ='卓蘭站'!$D15 | M3: ='卓蘭站'!$D16 | N3: ='卓蘭站'!$D17 | O3: ='卓蘭站'!$D18 | P3: ='卓蘭站'!$D19 | Q3: =SUM(E3:P3) -> 5679.3931
A4: 2 | B4: ='總表'!B4 -> 山腳 | C4: ='總表'!C4 -> 泰田抽水井 | D4: ='總表'!D4 -> K0086033 | E4: ='山腳站'!$D8 -> 0 | F4: ='山腳站'!$D9 -> 0 | G4: ='山腳站'!$D10 -> 0 | H4: ='山腳站'!$D11 -> 0 | I4: ='山腳站'!$D12 -> 0 | J4: ='山腳站'!$D13 -> 0 | K4: ='山腳站'!$D14 -> 0 | L4: ='山腳站'!$D15 | M4: ='山腳站'!$D16 | N4: ='山腳站'!$D17 | O4: ='山腳站'!$D18 | P4: ='山腳站'!$D19 | Q4: =SUM(E4:P4) -> 0
A5: 3 | B5: ='總表'!B5 -> 山腳 | C5: ='總表'!C5 -> 社柑抽水井 | D5: ='總表'!D5 -> K0086034 | E5: ='山腳站'!$H8 -> 302.4 | F5: ='山腳站'!$H9 -> 21772.8 | G5: ='山腳站'!$H10 -> 38556 | H5: ='山腳站'!$H11 -> 16632 | I5: ='山腳站'!$H12 -> 18144 | J5: ='山腳站'!$H13 -> 15120 | K5: ='山腳站'!$H14 -> 15120 | L5: ='山腳站'!$H15 | M5: ='山腳站'!$H16 | N5: ='山腳站'!$H17 | O5: ='山腳站'!$H18 | P5: ='山腳站'!$H19 | Q5: =SUM(E5:P5) -> 125647.2
A6: 4 | B6: ='總表'!B6 -> 山腳 | C6: ='總表'!C6 -> 社南抽水井 | D6: ='總表'!D6 -> K0123393 | E6: ='山腳站'!$L8 -> 115.2 | F6: ='山腳站'!$L9 -> 8294.4 | G6: ='山腳站'!$L10 -> 14688 | H6: ='山腳站'!$L11 -> 8064 | I6: ='山腳站'!$L12 -> 8064 | J6: ='山腳站'!$L13 -> 6336 | K6: ='山腳站'!$L14 -> 6336 | L6: ='山腳站'!$L15 | M6: ='山腳站'!$L16 | N6: ='山腳站'!$L17 | O6: ='山腳站'!$L18 | P6: ='山腳站'!$L19 | Q6: =SUM(E6:P6) -> 51897.6
A7: 5 | B7: ='總表'!B7 -> 山腳 | C7: ='總表'!C7 -> 濁一抽水井 | D7: ='總表'!D7 -> K0123725 | E7: ='山腳站'!$P8 -> 273.6 | F7: ='山腳站'!$P9 -> 19699.2 | G7: ='山腳站'!$P10 -> 19836 | H7: ='山腳站'!$P11 -> 6566.4 | I7: ='山腳站'!$P12 -> 1094.4 | J7: ='山腳站'!$P13 -> 1094.4 | K7: ='山腳站'!$P14 -> 1094.4 | L7: ='山腳站'!$P15 | M7: ='山腳站'!$P16 | N7: ='山腳站'!$P17 | O7: ='山腳站'!$P18 | P7: ='山腳站'!$P19 | Q7: =SUM(E7:P7) -> 49658.4
A8: 6 | B8: ='總表'!B8 -> 山腳 | C8: ='總表'!C8 -> 啟心抽水井 | D8: ='總表'!D8 -> K0123768 | E8: ='山腳站'!$T8 -> 216 | F8: ='山腳站'!$T9 -> 13608 | G8: ='山腳站'!$T10 -> 11232 | H8: ='山腳站'!$T11 -> 5184 | I8: ='山腳站'!$T12 -> 0 | J8: ='山腳站'!$T13 -> 0 | K8: ='山腳站'!$T14 -> 0 | L8: ='山腳站'!$T15 | M8: ='山腳站'!$T16 | N8: ='山腳站'!$T17 | O8: ='山腳站'!$T18 | P8: ='山腳站'!$T19 | Q8: =SUM(E8:P8) -> 30240
A9: 7 | B9: ='總表'!B9 -> 山腳 | C9: ='總表'!C9 -> 山柑一號抽水井 | D9: ='總表'!D9 -> K1140087 | E9: ='山腳站'!$X8 -> 0 | F9: ='山腳站'!$X9 -> 0 | G9: ='山腳站'!$X10 -> 0 | H9: ='山腳站'!$X11 -> 126 | I9: ='山腳站'!$X12 -> 630 | J9: ='山腳站'!$X13 -> 1008 | K9: ='山腳站'!$X14 -> 1008 | L9: ='山腳站'!$X15 | M9: ='山腳站'!$X16 | N9: ='山腳站'!$X17 | O9: ='山腳站'!$X18 | P9: ='山腳站'!$X19 | Q9: =SUM(E9:P9) -> 2772 | R9: 原井報廢，舊址鑿新井，會有新的水權號
A10: 8 | B10: ='總表'!B10 -> 山腳 | C10: ='總表'!C10 -> 山柑二號抽水井 | D10: ='總表'!D10 -> K0124362 | E10: ='山腳站'!$AB8 -> 252 | F10: ='山腳站'!$AB9 -> 18144 | G10: ='山腳站'!$AB10 -> 20160 | H10: ='山腳站'!$AB11 -> 2016 | I10: ='山腳站'!$AB12 -> 2646 | J10: ='山腳站'!$AB13 -> 3024 | K10: ='山腳站'!$AB14 -> 15120 | L10: ='山腳站'!$AB15 | M10: ='山腳站'!$AB16 | N10: ='山腳站'!$AB17 | O10: ='山腳站'!$AB18 | P10: ='山腳站'!$AB19 | Q10: =SUM(E10:P10) -> 61362
A11: 9 | B11: ='總表'!B11 -> 山腳 | C11: ='總表'!C11 -> 濁水二號抽水井 | D11: ='總表'!D11 -> K1140122 | E11: ='山腳站'!$AF8 -> 0 | F11: ='山腳站'!$AF9 -> 0 | G11: ='山腳站'!$AF10 -> 0 | H11: ='山腳站'!$AF11 -> 0 | I11: ='山腳站'!$AF12 -> 0 | J11: ='山腳站'!$AF13 -> 331.2 | K11: ='山腳站'!$AF14 -> 579.6 | L11: ='山腳站'!$AF15 | M11: ='山腳站'!$AF16 | N11: ='山腳站'!$AF17 | O11: ='山腳站'!$AF18 | P11: ='山腳站'!$AF19 | Q11: =SUM(E11:P11) -> 910.8
A12: 10 | B12: ='總表'!B12 -> 苑裡 | C12: ='總表'!C12 -> 新復一號抽水井 | D12: ='總表'!D12 -> K0123688 | E12: ='苑裡站'!$D8 -> 0 | F12: ='苑裡站'!$D9 -> 52963.2 | G12: ='苑裡站'!$D10 -> 68852.16 | H12: ='苑裡站'!$D11 -> 32881.32 | I12: ='苑裡站'!$D12 -> 41487.84 | J12: ='苑裡站'!$D13 -> 36853.56 | K12: ='苑裡站'!$D14 -> 0 | L12: ='苑裡站'!$D15 | M12: ='苑裡站'!$D16 | N12: ='苑裡站'!$D17 | O12: ='苑裡站'!$D18 | P12: ='苑裡站'!$D19 | Q12: =SUM(E12:P12) -> 233038.08
A13: 11 | B13: ='總表'!B13 -> 苑裡 | C13: ='總表'!C13 -> 新復二號抽水井 | D13: ='總表'!D13 -> K0123786 | E13: ='苑裡站'!$H8 -> 0 | F13: ='苑裡站'!$H9 -> 32832 | G13: ='苑裡站'!$H10 -> 42681.6 | H13: ='苑裡站'!$H11 -> 26265.6 | I13: ='苑裡站'!$H12 -> 31600.8 | J13: ='苑裡站'!$H13 -> 22845.6 | K13: ='苑裡站'!$H14 -> 0 | L13: ='苑裡站'!$H15 | M13: ='苑裡站'!$H16 | N13: ='苑裡站'!$H17 | O13: ='苑裡站'!$H18 | P13: ='苑裡站'!$H19 | Q13: =SUM(E13:P13) -> 156225.6
A14: 12 | B14: ='總表'!B14 -> 苑裡 | C14: ='總表'!C14 -> 田心小組抽水井 | D14: ='總表'!D14 -> K0123766 | E14: ='苑裡站'!$L8 -> 0 | F14: ='苑裡站'!$L9 -> 51408 | G14: ='苑裡站'!$L10 -> 109368 | H14: ='苑裡站'!$L11 -> 37548 | I14: ='苑裡站'!$L12 -> 27720 | J14: ='苑裡站'!$L13 -> 42084 | K14: ='苑裡站'!$L14 -> 0 | L14: ='苑裡站'!$L15 | M14: ='苑裡站'!$L16 | N14: ='苑裡站'!$L17 | O14: ='苑裡站'!$L18 | P14: ='苑裡站'!$L19 | Q14: =SUM(E14:P14) -> 268128
A15: 13 | B15: ='總表'!B15 -> 苑裡 | C15: ='總表'!C15 -> 田心二號抽水井 | D15: ='總表'!D15 -> K0124420 | E15: ='苑裡站'!$P8 -> 0 | F15: ='苑裡站'!$P9 -> 37233 | G15: ='苑裡站'!$P10 -> 82026 | H15: ='苑裡站'!$P11 -> 28161 | I15: ='苑裡站'!$P12 -> 33264 | J15: ='苑裡站'!$P13 -> 31563 | K15: ='苑裡站'!$P14 -> 0 | L15: ='苑裡站'!$P15 | M15: ='苑裡站'!$P16 | N15: ='苑裡站'!$P17 | O15: ='苑裡站'!$P18 | P15: ='苑裡站'!$P19 | Q15: =SUM(E15:P15) -> 212247
A16: 14 | B16: ='總表'!B16 -> 苑裡 | C16: ='總表'!C16 -> 西勢支線抽水井 | D16: ='總表'!D16 -> K0123779 | E16: ='苑裡站'!$T8 -> 0 | F16: ='苑裡站'!$T9 -> 4536 | G16: ='苑裡站'!$T10 -> 18522 | H16: ='苑裡站'!$T11 -> 4725 | I16: ='苑裡站'!$T12 -> 5796 | J16: ='苑裡站'!$T13 -> 3024 | K16: ='苑裡站'!$T14 -> 0 | L16: ='苑裡站'!$T15 | M16: ='苑裡站'!$T16 | N16: ='苑裡站'!$T17 | O16: ='苑裡站'!$T18 | P16: ='苑裡站'!$T19 | Q16: =SUM(E16:P16) -> 36603
A17: 15 | B17: ='總表'!B17 -> 苑裡 | C17: ='總表'!C17 -> 砂埤支線抽水井 | D17: ='總表'!D17 -> K0124485 | E17: ='苑裡站'!$X8 -> 0 | F17: ='苑裡站'!$X9 -> 19440 | G17: ='苑裡站'!$X10 -> 35820 | H17: ='苑裡站'!$X11 -> 17280 | I17: ='苑裡站'!$X12 -> 9900 | J17: ='苑裡站'!$X13 -> 15030 | K17: ='苑裡站'!$X14 -> 0 | L17: ='苑裡站'!$X15 | M17: ='苑裡站'!$X16 | N17: ='苑裡站'!$X17 | O17: ='苑裡站'!$X18 | P17: ='苑裡站'!$X19 | Q17: =SUM(E17:P17) -> 97470
A18: 16 | B18: ='總表'!B18 -> 泰安 | C18: ='總表'!C18 -> 新店圳一號抽水井 | D18: ='總表'!D18 -> B0130278 | E18: ='泰安站'!$D8 -> 1915.2 | F18: ='泰安站'!$D9 -> 20793.6 | G18: ='泰安站'!$D10 -> 203558.4 | H18: ='泰安站'!$D11 -> 72504 | I18: ='泰安站'!$D12 -> 113270.4 | J18: ='泰安站'!$D13 -> 3830.4 | K18: ='泰安站'!$D14 -> 0 | L18: ='泰安站'!$D15 | M18: ='泰安站'!$D16 | N18: ='泰安站'!$D17 | O18: ='泰安站'!$D18 | P18: ='泰安站'!$D19 | Q18: =SUM(E18:P18) -> 415872
A19: 17 | B19: ='總表'!B19 -> 泰安 | C19: ='總表'!C19 -> 七公圳一號抽水井 | D19: ='總表'!D19 -> B0130267 | E19: ='泰安站'!$H8 -> 7934.4 | F19: ='泰安站'!$H9 -> 63475.2 | G19: ='泰安站'!$H10 -> 140904 | H19: ='泰安站'!$H11 -> 47332.8 | I19: ='泰安站'!$H12 -> 91929.6 | J19: ='泰安站'!$H13 -> 13132.8 | K19: ='泰安站'!$H14 -> 0 | L19: ='泰安站'!$H15 | M19: ='泰安站'!$H16 | N19: ='泰安站'!$H17 | O19: ='泰安站'!$H18 | P19: ='泰安站'!$H19 | Q19: =SUM(E19:P19) -> 364708.8
A20: 18 | B20: ='總表'!B20 -> 泰安 | C20: ='總表'!C20 -> 七公圳二號抽水井 | D20: ='總表'!D20 -> B1040342 | E20: ='泰安站'!$L8 -> 5726.16 | F20: ='泰安站'!$L9 -> 40256.64 | G20: ='泰安站'!$L10 -> 119121.48 | H20: ='泰安站'!$L11 -> 39736.08 | I20: ='泰安站'!$L12 -> 58302.72 | J20: ='泰安站'!$L13 -> 8328.96 | K20: ='泰安站'!$L14 -> 0 | L20: ='泰安站'!$L15 | M20: ='泰安站'!$L16 | N20: ='泰安站'!$L17 | O20: ='泰安站'!$L18 | P20: ='泰安站'!$L19 | Q20: =SUM(E20:P20) -> 271472.04
A21: 19 | B21: ='總表'!B21 -> 泰安 | C21: ='總表'!C21 -> 新店圳二號抽水井 | D21: ='總表'!D21 -> B1140020 | E21: ='泰安站'!$P8 -> 0 | F21: ='泰安站'!$P9 -> 3456 | G21: ='泰安站'!$P10 -> 68083.2 | H21: ='泰安站'!$P11 -> 30528 | I21: ='泰安站'!$P12 -> 41587.2 | J21: ='泰安站'!$P13 -> 13248 | K21: ='泰安站'!$P14 -> 0 | L21: ='泰安站'!$P15 | M21: ='泰安站'!$P16 | N21: ='泰安站'!$P17 | O21: ='泰安站'!$P18 | P21: ='泰安站'!$P19 | Q21: =SUM(E21:P21) -> 156902.4
A22: 20 | B22: ='總表'!B22 -> 泰安 | C22: ='總表'!C22 -> 新店圳三號抽水井 | D22: ='總表'!D22 -> B1140033 | E22: ='泰安站'!$T8 -> 0 | F22: ='泰安站'!$T9 -> 3024 | G22: ='泰安站'!$T10 -> 59572.8 | H22: ='泰安站'!$T11 -> 26712 | I22: ='泰安站'!$T12 -> 36388.8 | J22: ='泰安站'!$T13 -> 11592 | K22: ='泰安站'!$T14 -> 0 | L22: ='泰安站'!$T15 | M22: ='泰安站'!$T16 | N22: ='泰安站'!$T17 | O22: ='泰安站'!$T18 | P22: ='泰安站'!$T19 | Q22: =SUM(E22:P22) -> 137289.6
A23: 21 | B23: ='總表'!B23 -> 屯子腳 | C23: ='總表'!C23 -> 內埔圳一號抽水井 | D23: ='總表'!D23 -> B0970028 | E23: ='屯子腳站'!$D8 -> 0 | F23: ='屯子腳站'!$D9 -> 0 | G23: ='屯子腳站'!$D10 -> 12825 | H23: ='屯子腳站'!$D11 -> 16740 | I23: ='屯子腳站'!$D12 -> 0 | J23: ='屯子腳站'!$D13 -> 0 | K23: ='屯子腳站'!$D14 -> 0 | L23: ='屯子腳站'!$D15 | M23: ='屯子腳站'!$D16 | N23: ='屯子腳站'!$D17 | O23: ='屯子腳站'!$D18 | P23: ='屯子腳站'!$D19 | Q23: =SUM(E23:P23) -> 29565
A24: 22 | B24: ='總表'!B24 -> 屯子腳 | C24: ='總表'!C24 -> 內埔圳二號抽水井 | D24: ='總表'!D24 -> B0970027 | E24: ='屯子腳站'!$H8 -> 0 | F24: ='屯子腳站'!$H9 -> 0 | G24: ='屯子腳站'!$H10 -> 10143 | H24: ='屯子腳站'!$H11 -> 4032 | I24: ='屯子腳站'!$H12 -> 3024 | J24: ='屯子腳站'!$H13 -> 0 | K24: ='屯子腳站'!$H14 -> 0 | L24: ='屯子腳站'!$H15 | M24: ='屯子腳站'!$H16 | N24: ='屯子腳站'!$H17 | O24: ='屯子腳站'!$H18 | P24: ='屯子腳站'!$H19 | Q24: =SUM(E24:P24) -> 17199
A25: 23 | B25: ='總表'!B25 -> 屯子腳 | C25: ='總表'!C25 -> 內埔圳二支線一號抽水井 | D25: ='總表'!D25 -> B1070014 | E25: ='屯子腳站'!$L8 -> 0 | F25: ='屯子腳站'!$L9 -> 0 | G25: ='屯子腳站'!$L10 -> 6280.56 | H25: ='屯子腳站'!$L11 -> 8030.88 | I25: ='屯子腳站'!$L12 -> 5302.44 | J25: ='屯子腳站'!$L13 -> 4530.24 | K25: ='屯子腳站'!$L14 -> 0 | L25: ='屯子腳站'!$L15 | M25: ='屯子腳站'!$L16 | N25: ='屯子腳站'!$L17 | O25: ='屯子腳站'!$L18 | P25: ='屯子腳站'!$L19 | Q25: =SUM(E25:P25) -> 24144.12
A26: 24 | B26: ='總表'!B26 -> 屯子腳 | C26: ='總表'!C26 -> 內埔圳二支線二號抽水井 | D26: ='總表'!D26 -> B1100760 | E26: ='屯子腳站'!$P8 -> 0 | F26: ='屯子腳站'!$P9 -> 0 | G26: ='屯子腳站'!$P10 -> 14180.4 | H26: ='屯子腳站'!$P11 -> 14180.4 | I26: ='屯子腳站'!$P12 -> 9406.8 | J26: ='屯子腳站'!$P13 -> 6177.6 | K26: ='屯子腳站'!$P14 -> 1825.2 | L26: ='屯子腳站'!$P15 | M26: ='屯子腳站'!$P16 | N26: ='屯子腳站'!$P17 | O26: ='屯子腳站'!$P18 | P26: ='屯子腳站'!$P19 | Q26: =SUM(E26:P26) -> 45770.4
A27: 25 | B27: ='總表'!B27 -> 屯子腳 | C27: ='總表'!C27 -> 內埔圳梅仔腳溝支線水井 | D27: ='總表'!D27 -> B1140111 | E27: ='屯子腳站'!$T8 -> 0 | F27: ='屯子腳站'!$T9 -> 0 | G27: ='屯子腳站'!$T10 -> 5292 | H27: ='屯子腳站'!$T11 -> 12600 | I27: ='屯子腳站'!$T12 -> 10962 | J27: ='屯子腳站'!$T13 -> 4662 | K27: ='屯子腳站'!$T14 -> 0 | L27: ='屯子腳站'!$T15 | M27: ='屯子腳站'!$T16 | N27: ='屯子腳站'!$T17 | O27: ='屯子腳站'!$T18 | P27: ='屯子腳站'!$T19 | Q27: =SUM(E27:P27) -> 33516
A28: 26 | B28: ='總表'!B28 -> 磁瑤 | C28: ='總表'!C28 -> 后里圳一號抽水井 | D28: ='總表'!D28 -> B0112603 | E28: ='磁瑤站'!$D8 -> 496.8 | F28: ='磁瑤站'!$D9 -> 993.6 | G28: ='磁瑤站'!$D10 -> 248.4 | H28: ='磁瑤站'!$D11 -> 0 | I28: ='磁瑤站'!$D12 -> 0 | J28: ='磁瑤站'!$D13 -> 331.2 | K28: ='磁瑤站'!$D14 -> 0 | L28: ='磁瑤站'!$D15 | M28: ='磁瑤站'!$D16 | N28: ='磁瑤站'!$D17 | O28: ='磁瑤站'!$D18 | P28: ='磁瑤站'!$D19 | Q28: =SUM(E28:P28) -> 2070
A29: 27 | B29: ='總表'!B29 -> 磁瑤 | C29: ='總表'!C29 -> 后里圳三號抽水井 | D29: ='總表'!D29 -> B0930053 | E29: ='磁瑤站'!$H8 -> 288 | F29: ='磁瑤站'!$H9 -> 2073.6 | G29: ='磁瑤站'!$H10 -> 1728 | H29: ='磁瑤站'!$H11 -> 633.6 | I29: ='磁瑤站'!$H12 -> 0 | J29: ='磁瑤站'!$H13 -> 0 | K29: ='磁瑤站'!$H14 -> 259.2 | L29: ='磁瑤站'!$H15 | M29: ='磁瑤站'!$H16 | N29: ='磁瑤站'!$H17 | O29: ='磁瑤站'!$H18 | P29: ='磁瑤站'!$H19 | Q29: =SUM(E29:P29) -> 4982.4
A30: 28 | B30: ='總表'!B30 -> 磁瑤 | C30: ='總表'!C30 -> 后里圳四號抽水井 | D30: ='總表'!D30 -> B0950059 | E30: ='磁瑤站'!$L8 -> 0 | F30: ='磁瑤站'!$L9 -> 0 | G30: ='磁瑤站'!$L10 -> 0 | H30: ='磁瑤站'!$L11 -> 0 | I30: ='磁瑤站'!$L12 -> 0 | J30: ='磁瑤站'!$L13 -> 0 | K30: ='磁瑤站'!$L14 -> 0 | L30: ='磁瑤站'!$L15 | M30: ='磁瑤站'!$L16 | N30: ='磁瑤站'!$L17 | O30: ='磁瑤站'!$L18 | P30: ='磁瑤站'!$L19 | Q30: =SUM(E30:P30) -> 0
A31: 29 | B31: ='總表'!B31 -> 磁瑤 | C31: ='總表'!C31 -> 后里圳七支線二號抽水井 | D31: ='總表'!D31 -> B1070109 | E31: ='磁瑤站'!$P8 -> 4032 | F31: ='磁瑤站'!$P9 -> 392889.6 | G31: ='磁瑤站'!$P10 -> 1497.6 | H31: ='磁瑤站'!$P11 -> 691.2 | I31: ='磁瑤站'!$P12 -> 921.6 | J31: ='磁瑤站'!$P13 -> 0 | K31: ='磁瑤站'!$P14 -> 0 | L31: ='磁瑤站'!$P15 | M31: ='磁瑤站'!$P16 | N31: ='磁瑤站'!$P17 | O31: ='磁瑤站'!$P18 | P31: ='磁瑤站'!$P19 | Q31: =SUM(E31:P31) -> 400032
A32: 30 | B32: ='總表'!B32 -> 磁瑤 | C32: ='總表'!C32 -> 后里圳六支線一號抽水井 | D32: ='總表'!D32 -> B1080127 | E32: ='磁瑤站'!$T8 -> 4636.8 | F32: ='磁瑤站'!$T9 -> 4334.4 | G32: ='磁瑤站'!$T10 -> 2620.8 | H32: ='磁瑤站'!$T11 -> 604.8 | I32: ='磁瑤站'!$T12 -> 1512 | J32: ='磁瑤站'!$T13 -> 705.6 | K32: ='磁瑤站'!$T14 -> 0 | L32: ='磁瑤站'!$T15 | M32: ='磁瑤站'!$T16 | N32: ='磁瑤站'!$T17 | O32: ='磁瑤站'!$T18 | P32: ='磁瑤站'!$T19 | Q32: =SUM(E32:P32) -> 14414.4
A33: 31 | B33: ='總表'!B33 -> 磁瑤 | C33: ='總表'!C33 -> 后里圳七支線一號抽水井 | D33: ='總表'!D33 -> B1100779 | E33: ='磁瑤站'!$X8 -> 2016 | F33: ='磁瑤站'!$X9 -> 979.2 | G33: ='磁瑤站'!$X10 -> 748.8 | H33: ='磁瑤站'!$X11 -> 345.6 | I33: ='磁瑤站'!$X12 -> 345.6 | J33: ='磁瑤站'!$X13 -> 0 | K33: ='磁瑤站'!$X14 -> 0 | L33: ='磁瑤站'!$X15 | M33: ='磁瑤站'!$X16 | N33: ='磁瑤站'!$X17 | O33: ='磁瑤站'!$X18 | P33: ='磁瑤站'!$X19 | Q33: =SUM(E33:P33) -> 4435.2
A34: 32 | B34: ='總表'!B34 -> 磁瑤 | C34: ='總表'!C34 -> 后里圳二號抽水井 | D34: ='總表'!D34 -> B1140109 | E34: ='磁瑤站'!$AB8 -> 1461.6 | F34: ='磁瑤站'!$AB9 -> 501.12 | G34: ='磁瑤站'!$AB10 -> 2004.48 | H34: ='磁瑤站'!$AB11 -> 0 | I34: ='磁瑤站'!$AB12 -> 0 | J34: ='磁瑤站'!$AB13 -> 0 | K34: ='磁瑤站'!$AB14 -> 0 | L34: ='磁瑤站'!$AB15 | M34: ='磁瑤站'!$AB16 | N34: ='磁瑤站'!$AB17 | O34: ='磁瑤站'!$AB18 | P34: ='磁瑤站'!$AB19 | Q34: =SUM(E34:P34) -> 3967.2
A35: 33 | B35: ='總表'!B35 -> 磁瑤 | C35: ='總表'!C35 -> 后里圳七支線三號抽水井 | D35: ='總表'!D35 -> B1140110 | E35: ='磁瑤站'!$AF8 -> 1749.6 | F35: ='磁瑤站'!$AF9 -> 1166.4 | G35: ='磁瑤站'!$AF10 -> 1049.76 | H35: ='磁瑤站'!$AF11 -> 0 | I35: ='磁瑤站'!$AF12 -> 0 | J35: ='磁瑤站'!$AF13 -> 0 | K35: ='磁瑤站'!$AF14 -> 0 | L35: ='磁瑤站'!$AF15 | M35: ='磁瑤站'!$AF16 | N35: ='磁瑤站'!$AF17 | O35: ='磁瑤站'!$AF18 | P35: ='磁瑤站'!$AF19 | Q35: =SUM(E35:P35) -> 3965.76
A36: 34 | B36: ='總表'!B36 -> 月眉 | C36: ='總表'!C36 -> 后里圳幹線抽水井 | D36: ='總表'!D36 -> B1090023 | E36: ='月眉站'!$D8 -> 4752 | F36: ='月眉站'!$D9 -> 0 | G36: ='月眉站'!$D10 -> 6652.8 | H36: ='月眉站'!$D11 -> 3564 | I36: ='月眉站'!$D12 -> 6652.8 | J36: ='月眉站'!$D13 -> 2257.2 | K36: ='月眉站'!$D14 -> 59.4 | L36: ='月眉站'!$D15 | M36: ='月眉站'!$D16 | N36: ='月眉站'!$D17 | O36: ='月眉站'!$D18 | P36: ='月眉站'!$D19 | Q36: =SUM(E36:P36) -> 23938.2
A37: 35 | B37: ='總表'!B37 -> 月眉 | C37: ='總表'!C37 -> 月眉站舊辦公廳地下水抽水井 | D37: ='總表'!D37 -> B0130304 | E37: ='月眉站'!$H8 -> 0 | F37: ='月眉站'!$H9 -> 0 | G37: ='月眉站'!$H10 -> 0 | H37: ='月眉站'!$H11 -> 0 | I37: ='月眉站'!$H12 -> 0 | J37: ='月眉站'!$H13 -> 0 | K37: ='月眉站'!$H14 -> 0 | L37: ='月眉站'!$H15 | M37: ='月眉站'!$H16 | N37: ='月眉站'!$H17 | O37: ='月眉站'!$H18 | P37: ='月眉站'!$H19 | Q37: =SUM(E37:P37) -> 0
A38: 36 | B38: ='總表'!B38 -> 月眉 | C38: ='總表'!C38 -> 后里圳月眉排水補給抽水井 | D38: ='總表'!D38 -> B1070176 | E38: ='月眉站'!$L8 -> 3672 | F38: ='月眉站'!$L9 -> 3672 | G38: ='月眉站'!$L10 -> 7344 | H38: ='月眉站'!$L11 -> 3672 | I38: ='月眉站'!$L12 -> 7344 | J38: ='月眉站'!$L13 -> 2448 | K38: ='月眉站'!$L14 -> 61.2 | L38: ='月眉站'!$L15 | M38: ='月眉站'!$L16 | N38: ='月眉站'!$L17 | O38: ='月眉站'!$L18 | P38: ='月眉站'!$L19 | Q38: =SUM(E38:P38) -> 28213.2
A39: 37 | B39: ='總表'!B39 -> 月眉 | C39: ='總表'!C39 -> 后里圳三支線上游補給抽水井 | D39: ='總表'!D39 -> B1060117 | E39: ='月眉站'!$P8 -> 10368 | F39: ='月眉站'!$P9 -> 6480 | G39: ='月眉站'!$P10 -> 11016 | H39: ='月眉站'!$P11 -> 3888 | I39: ='月眉站'!$P12 -> 10368 | J39: ='月眉站'!$P13 -> 3369.6 | K39: ='月眉站'!$P14 -> 64.8 | L39: ='月眉站'!$P15 | M39: ='月眉站'!$P16 | N39: ='月眉站'!$P17 | O39: ='月眉站'!$P18 | P39: ='月眉站'!$P19 | Q39: =SUM(E39:P39) -> 45554.4
A40: 38 | B40: ='總表'!B40 -> 月眉 | C40: ='總表'!C40 -> 后里圳三支線中游補給抽水井 | D40: ='總表'!D40 -> B1040345 | E40: ='月眉站'!$T8 -> 0 | F40: ='月眉站'!$T9 -> 0 | G40: ='月眉站'!$T10 -> 0 | H40: ='月眉站'!$T11 -> 594 | I40: ='月眉站'!$T12 -> 4158 | J40: ='月眉站'!$T13 -> 1425.6 | K40: ='月眉站'!$T14 -> 59.4 | L40: ='月眉站'!$T15 | M40: ='月眉站'!$T16 | N40: ='月眉站'!$T17 | O40: ='月眉站'!$T18 | P40: ='月眉站'!$T19 | Q40: =SUM(E40:P40) -> 6237
A41: 39 | B41: ='總表'!B41 -> 月眉 | C41: ='總表'!C41 -> 后里圳三支線中游二號抽水井 | D41: ='總表'!D41 -> B1100675 | E41: ='月眉站'!$X8 -> 3715.2 | F41: ='月眉站'!$X9 -> 3467.52 | G41: ='月眉站'!$X10 -> 4334.4 | H41: ='月眉站'!$X11 -> 4953.6 | I41: ='月眉站'!$X12 -> 4953.6 | J41: ='月眉站'!$X13 -> 1609.92 | K41: ='月眉站'!$X14 -> 61.92 | L41: ='月眉站'!$X15 | M41: ='月眉站'!$X16 | N41: ='月眉站'!$X17 | O41: ='月眉站'!$X18 | P41: ='月眉站'!$X19 | Q41: =SUM(E41:P41) -> 23096.16
A42: 40 | B42: ='總表'!B42 -> 月眉 | C42: ='總表'!C42 -> 后里圳三支線下游補給抽水井 | D42: ='總表'!D42 -> B1030025 | E42: ='月眉站'!$AB8 -> 5184 | F42: ='月眉站'!$AB9 -> 5760 | G42: ='月眉站'!$AB10 -> 7603.2 | H42: ='月眉站'!$AB11 -> 3456 | I42: ='月眉站'!$AB12 -> 6912 | J42: ='月眉站'!$AB13 -> 2304 | K42: ='月眉站'!$AB14 -> 57.6 | L42: ='月眉站'!$AB15 | M42: ='月眉站'!$AB16 | N42: ='月眉站'!$AB17 | O42: ='月眉站'!$AB18 | P42: ='月眉站'!$AB19 | Q42: =SUM(E42:P42) -> 31276.8
A43: 41 | B43: ='總表'!B43 -> 月眉 | C43: ='總表'!C43 -> 后里圳三支線下游二號抽水井 | D43: ='總表'!D43 -> B1090151 | E43: ='月眉站'!$AF8 -> 4487.4 | F43: ='月眉站'!$AF9 -> 2991.6 | G43: ='月眉站'!$AF10 -> 6581.52 | H43: ='月眉站'!$AF11 -> 3988.8 | I43: ='月眉站'!$AF12 -> 4986 | J43: ='月眉站'!$AF13 -> 1695.24 | K43: ='月眉站'!$AF14 -> 49.86 | L43: ='月眉站'!$AF15 | M43: ='月眉站'!$AF16 | N43: ='月眉站'!$AF17 | O43: ='月眉站'!$AF18 | P43: ='月眉站'!$AF19 | Q43: =SUM(E43:P43) -> 24780.42
A44: 42 | B44: ='總表'!B44 -> 月眉 | C44: ='總表'!C44 -> 后里圳四支線中下游抽水井 | D44: ='總表'!D44 -> B1050164 | E44: ='月眉站'!$AJ8 -> 0 | F44: ='月眉站'!$AJ9 -> 1827.36 | G44: ='月眉站'!$AJ10 -> 3654.72 | H44: ='月眉站'!$AJ11 -> 3654.72 | I44: ='月眉站'!$AJ12 -> 3654.72 | J44: ='月眉站'!$AJ13 -> 1218.24 | K44: ='月眉站'!$AJ14 -> 0 | L44: ='月眉站'!$AJ15 | M44: ='月眉站'!$AJ16 | N44: ='月眉站'!$AJ17 | O44: ='月眉站'!$AJ18 | P44: ='月眉站'!$AJ19 | Q44: =SUM(E44:P44) -> 14009.76
A45: 43 | B45: ='總表'!B45 -> 月眉 | C45: ='總表'!C45 -> 后里圳五支線補給抽水井 | D45: ='總表'!D45 -> B1080096 | E45: ='月眉站'!$AN8 -> 12407.04 | F45: ='月眉站'!$AN9 -> 9305.28 | G45: ='月眉站'!$AN10 -> 15508.8 | H45: ='月眉站'!$AN11 -> 9305.28 | I45: ='月眉站'!$AN12 -> 10856.16 | J45: ='月眉站'!$AN13 -> 3101.76 | K45: ='月眉站'!$AN14 -> 775.44 | L45: ='月眉站'!$AN15 | M45: ='月眉站'!$AN16 | N45: ='月眉站'!$AN17 | O45: ='月眉站'!$AN18 | P45: ='月眉站'!$AN19 | Q45: =SUM(E45:P45) -> 61259.76
A46: 44 | B46: ='總表'!B46 -> 月眉 | C46: ='總表'!C46 -> 后里圳五支線中下游抽水井 | D46: ='總表'!D46 -> B1050034 | E46: ='月眉站'!$AR8 -> 4199.04 | F46: ='月眉站'!$AR9 -> 4199.04 | G46: ='月眉站'!$AR10 -> 5248.8 | H46: ='月眉站'!$AR11 -> 4199.04 | I46: ='月眉站'!$AR12 -> 4199.04 | J46: ='月眉站'!$AR13 -> 1049.76 | K46: ='月眉站'!$AR14 -> 524.88 | L46: ='月眉站'!$AR15 | M46: ='月眉站'!$AR16 | N46: ='月眉站'!$AR17 | O46: ='月眉站'!$AR18 | P46: ='月眉站'!$AR19 | Q46: =SUM(E46:P46) -> 23619.6
A47: 45 | B47: ='總表'!B47 -> 月眉 | C47: ='總表'!C47 -> 后里圳五支線下游抽水井 | D47: ='總表'!D47 -> B1090135 | E47: ='月眉站'!$AV8 -> 4795.2 | F47: ='月眉站'!$AV9 -> 6393.6 | G47: ='月眉站'!$AV10 -> 7992 | H47: ='月眉站'!$AV11 -> 6393.6 | I47: ='月眉站'!$AV12 -> 6393.6 | J47: ='月眉站'!$AV13 -> 1598.4 | K47: ='月眉站'!$AV14 -> 799.2 | L47: ='月眉站'!$AV15 | M47: ='月眉站'!$AV16 | N47: ='月眉站'!$AV17 | O47: ='月眉站'!$AV18 | P47: ='月眉站'!$AV19 | Q47: =SUM(E47:P47) -> 34365.6
A48: 46 | B48: ='總表'!B48 -> 月眉 | C48: ='總表'!C48 -> 后里圳五支線之一上游補給抽水井 | D48: ='總表'!D48 -> B1070175 | E48: ='月眉站'!$AZ8 -> 4544.64 | F48: ='月眉站'!$AZ9 -> 4544.64 | G48: ='月眉站'!$AZ10 -> 5680.8 | H48: ='月眉站'!$AZ11 -> 4544.64 | I48: ='月眉站'!$AZ12 -> 4544.64 | J48: ='月眉站'!$AZ13 -> 1136.16 | K48: ='月眉站'!$AZ14 -> 568.08 | L48: ='月眉站'!$AZ15 | M48: ='月眉站'!$AZ16 | N48: ='月眉站'!$AZ17 | O48: ='月眉站'!$AZ18 | P48: ='月眉站'!$AZ19 | Q48: =SUM(E48:P48) -> 25563.6
A49: 47 | B49: ='總表'!B49 -> 月眉 | C49: ='總表'!C49 -> 后里圳五支線之一下游補給抽水井 | D49: ='總表'!D49 -> B1030009 | E49: ='月眉站'!$BD8 -> 4406.4 | F49: ='月眉站'!$BD9 -> 4406.4 | G49: ='月眉站'!$BD10 -> 7344 | H49: ='月眉站'!$BD11 -> 5875.2 | I49: ='月眉站'!$BD12 -> 4406.4 | J49: ='月眉站'!$BD13 -> 0 | K49: ='月眉站'!$BD14 -> 0 | L49: ='月眉站'!$BD15 | M49: ='月眉站'!$BD16 | N49: ='月眉站'!$BD17 | O49: ='月眉站'!$BD18 | P49: ='月眉站'!$BD19 | Q49: =SUM(E49:P49) -> 26438.4
A50: 48 | B50: ='總表'!B50 -> 月眉 | C50: ='總表'!C50 -> 后里圳五支線之一延長線補給抽水井 | D50: ='總表'!D50 -> B1060151 | E50: ='月眉站'!$BH8 -> 1062.72 | F50: ='月眉站'!$BH9 -> 1062.72 | G50: ='月眉站'!$BH10 -> 2656.8 | H50: ='月眉站'!$BH11 -> 2125.44 | I50: ='月眉站'!$BH12 -> 1594.08 | J50: ='月眉站'!$BH13 -> 531.36 | K50: ='月眉站'!$BH14 -> 265.68 | L50: ='月眉站'!$BH15 | M50: ='月眉站'!$BH16 | N50: ='月眉站'!$BH17 | O50: ='月眉站'!$BH18 | P50: ='月眉站'!$BH19 | Q50: =SUM(E50:P50) -> 9298.8
A51: 49 | B51: ='總表'!B51 -> 月眉 | C51: ='總表'!C51 -> 后里圳五支線之一延長線上游抽水井 | D51: ='總表'!D51 -> B1100662 | E51: ='月眉站'!$BL8 -> 1080 | F51: ='月眉站'!$BL9 -> 2160 | G51: ='月眉站'!$BL10 -> 5400 | H51: ='月眉站'!$BL11 -> 4320 | I51: ='月眉站'!$BL12 -> 3240 | J51: ='月眉站'!$BL13 -> 1080 | K51: ='月眉站'!$BL14 -> 540 | L51: ='月眉站'!$BL15 | M51: ='月眉站'!$BL16 | N51: ='月眉站'!$BL17 | O51: ='月眉站'!$BL18 | P51: ='月眉站'!$BL19 | Q51: =SUM(E51:P51) -> 17820
A52: 50 | B52: ='總表'!B52 -> 月眉 | C52: ='總表'!C52 -> 后里圳五支線之一延長線下游抽水井 | D52: ='總表'!D52 -> B1090031 | E52: ='月眉站'!$BP8 -> 967.68 | F52: ='月眉站'!$BP9 -> 2177.28 | G52: ='月眉站'!$BP10 -> 5806.08 | H52: ='月眉站'!$BP11 -> 4354.56 | I52: ='月眉站'!$BP12 -> 4354.56 | J52: ='月眉站'!$BP13 -> 1451.52 | K52: ='月眉站'!$BP14 -> 725.76 | L52: ='月眉站'!$BP15 | M52: ='月眉站'!$BP16 | N52: ='月眉站'!$BP17 | O52: ='月眉站'!$BP18 | P52: ='月眉站'!$BP19 | Q52: =SUM(E52:P52) -> 19837.44
A53: 51 | B53: ='總表'!B53 -> 日南 | C53: ='總表'!C53 -> 日南站一號抽水井-日南圳 | D53: ='總表'!D53 -> B0115482 | E53: ='日南站'!$D8 -> 0 | F53: ='日南站'!$D9 -> 96768 | G53: ='日南站'!$D10 -> 107136 | H53: ='日南站'!$D11 -> 103680 | I53: ='日南站'!$D12 -> 0 | J53: ='日南站'!$D13 -> 23731.2 | K53: ='日南站'!$D14 -> 53913.6 | L53: ='日南站'!$D15 | M53: ='日南站'!$D16 | N53: ='日南站'!$D17 | O53: ='日南站'!$D18 | P53: ='日南站'!$D19 | Q53: =SUM(E53:P53) -> 385228.8
A54: 52 | B54: ='總表'!B54 -> 日南 | C54: ='總表'!C54 -> 日南站二號抽水井-日南圳 | D54: ='總表'!D54 -> B0110761 | E54: ='日南站'!$H8 -> - | F54: ='日南站'!$H9 -> 83520 | G54: ='日南站'!$H10 -> 93744 | H54: ='日南站'!$H11 -> 90720 | I54: ='日南站'!$H12 -> 133920 | J54: ='日南站'!$H13 -> - | K54: ='日南站'!$H14 -> 67392 | L54: ='日南站'!$H15 | M54: ='日南站'!$H16 | N54: ='日南站'!$H17 -> - | O54: ='日南站'!$H18 -> - | P54: ='日南站'!$H19 -> - | Q54: =SUM(E54:P54) -> 469296
A55: 53 | B55: ='總表'!B55 -> 日南 | C55: ='總表'!C55 -> 日南站三號抽水井(深水井)-日南圳 | D55: ='總表'!D55 -> B0990027 | E55: ='日南站'!$L8 -> 0 | F55: ='日南站'!$L9 -> 0 | G55: ='日南站'!$L10 -> 0 | H55: ='日南站'!$L11 -> 0 | I55: ='日南站'!$L12 -> 80262 | J55: ='日南站'!$L13 -> 12978 | K55: ='日南站'!$L14 -> 0 | L55: ='日南站'!$L15 | M55: ='日南站'!$L16 | N55: ='日南站'!$L17 | O55: ='日南站'!$L18 | P55: ='日南站'!$L19 | Q55: =SUM(E55:P55) -> 93240
A56: 54 | B56: ='總表'!B56 -> 日南 | C56: ='總表'!C56 -> 日南站三號抽水井(淺水井)-日南圳 | D56: ='總表'!D56 -> B0120538 | E56: ='日南站'!$P8 -> 0 | F56: ='日南站'!$P9 -> 83664 | G56: ='日南站'!$P10 -> 92628 | H56: ='日南站'!$P11 -> 89640 | I56: ='日南站'!$P12 -> 125496 | J56: ='日南站'!$P13 -> 0 | K56: ='日南站'!$P14 -> 69919.2 | L56: ='日南站'!$P15 | M56: ='日南站'!$P16 | N56: ='日南站'!$P17 | O56: ='日南站'!$P18 | P56: ='日南站'!$P19 | Q56: =SUM(E56:P56) -> 461347.2
A57: 55 | B57: ='總表'!B57 -> 日南 | C57: ='總表'!C57 -> 日南站四號抽水井-日南圳 | D57: ='總表'!D57 -> B0115526 | E57: ='日南站'!$T8 -> - | F57: ='日南站'!$T9 -> 128520 | G57: ='日南站'!$T10 -> 113832 | H57: ='日南站'!$T11 -> 110160 | I57: ='日南站'!$T12 -> 227664 | J57: ='日南站'!$T13 -> - | K57: ='日南站'!$T14 -> 71604 | L57: ='日南站'!$T15 | M57: ='日南站'!$T16 | N57: ='日南站'!$T17 -> - | O57: ='日南站'!$T18 -> - | P57: ='日南站'!$T19 -> - | Q57: =SUM(E57:P57) -> 651780
A58: 56 | B58: ='總表'!B58 -> 日南 | C58: ='總表'!C58 -> 日南站五號抽水井-日南圳 | D58: ='總表'!D58 -> B1020065 | E58: ='日南站'!$X8 -> 0 | F58: ='日南站'!$X9 -> 0 | G58: ='日南站'!$X10 -> 47628 | H58: ='日南站'!$X11 -> 61236 | I58: ='日南站'!$X12 -> 63277.2 | J58: ='日南站'!$X13 -> 0 | K58: ='日南站'!$X14 -> 0 | L58: ='日南站'!$X15 | M58: ='日南站'!$X16 | N58: ='日南站'!$X17 | O58: ='日南站'!$X18 | P58: ='日南站'!$X19 | Q58: =SUM(E58:P58) -> 172141.2
A59: 57 | B59: ='總表'!B59 -> 日南 | C59: ='總表'!C59 -> 日南站六號抽水井(深水井)-日南圳 | D59: ='總表'!D59 -> B1000076 | E59: ='日南站'!$AB8 -> 0 | F59: ='日南站'!$AB9 -> 68544 | G59: ='日南站'!$AB10 -> 12974.4 | H59: ='日南站'!$AB11 -> 58507.2 | I59: ='日南站'!$AB12 -> 58507.2 | J59: ='日南站'!$AB13 -> 12607.2 | K59: ='日南站'!$AB14 -> 28641.6 | L59: ='日南站'!$AB15 | M59: ='日南站'!$AB16 | N59: ='日南站'!$AB17 | O59: ='日南站'!$AB18 | P59: ='日南站'!$AB19 | Q59: =SUM(E59:P59) -> 239781.6
A60: 58 | B60: ='總表'!B60 -> 日南 | C60: ='總表'!C60 -> 日南站六號抽水井(淺水井)-日南圳 | D60: ='總表'!D60 -> B0117179 | E60: ='日南站'!$AF8 -> 0 | F60: ='日南站'!$AF9 -> 0 | G60: ='日南站'!$AF10 -> 0 | H60: ='日南站'!$AF11 -> 0 | I60: ='日南站'!$AF12 -> 129600 | J60: ='日南站'!$AF13 -> 0 | K60: ='日南站'!$AF14 -> 0 | L60: ='日南站'!$AF15 | M60: ='日南站'!$AF16 | N60: ='日南站'!$AF17 | O60: ='日南站'!$AF18 | P60: ='日南站'!$AF19 | Q60: =SUM(E60:P60) -> 129600
A61: 59 | B61: ='總表'!B61 -> 日南 | C61: ='總表'!C61 -> 日南站六股排水抽水井-日南圳 | D61: ='總表'!D61 -> B1080051 | E61: ='日南站'!$AJ8 -> 2534.4 | F61: ='日南站'!$AJ9 -> 26611.2 | G61: ='日南站'!$AJ10 -> 29462.4 | H61: ='日南站'!$AJ11 -> 28512 | I61: ='日南站'!$AJ12 -> 49896 | J61: ='日南站'!$AJ13 -> 14256 | K61: ='日南站'!$AJ14 -> 18532.8 | L61: ='日南站'!$AJ15 | M61: ='日南站'!$AJ16 | N61: ='日南站'!$AJ17 | O61: ='日南站'!$AJ18 | P61: ='日南站'!$AJ19 | Q61: =SUM(E61:P61) -> 169804.8
A62: 60 | B62: ='總表'!B62 -> 日南 | C62: ='總表'!C62 -> 日南站七號抽水井-九張犁圳 | D62: ='總表'!D62 -> B0108729 | E62: ='日南站'!$AN8 -> - | F62: ='日南站'!$AN9 -> 94003.2 | G62: ='日南站'!$AN10 -> 9446.4 | H62: ='日南站'!$AN11 -> 0 | I62: ='日南站'!$AN12 -> 107136 | J62: ='日南站'!$AN13 -> 23731.2 | K62: ='日南站'!$AN14 -> 38016 | L62: ='日南站'!$AN15 | M62: ='日南站'!$AN16 | N62: ='日南站'!$AN17 | O62: ='日南站'!$AN18 -> - | P62: ='日南站'!$AN19 -> - | Q62: =SUM(E62:P62) -> 272332.8
A63: 61 | B63: ='總表'!B63 -> 日南 | C63: ='總表'!C63 -> 日南站八號抽水井-日南圳 | D63: ='總表'!D63 -> B1050044 | E63: ='日南站'!$AR8 -> 0 | F63: ='日南站'!$AR9 -> 0 | G63: ='日南站'!$AR10 -> 0 | H63: ='日南站'!$AR11 -> 0 | I63: ='日南站'!$AR12 -> 0 | J63: ='日南站'!$AR13 -> 0 | K63: ='日南站'!$AR14 -> 0 | L63: ='日南站'!$AR15 | M63: ='日南站'!$AR16 | N63: ='日南站'!$AR17 | O63: ='日南站'!$AR18 | P63: ='日南站'!$AR19 | Q63: =SUM(E63:P63) -> 0
A64: 62 | B64: ='總表'!B64 -> 日南 | C64: ='總表'!C64 -> 日南站九號抽水井-九張犁圳 | D64: ='總表'!D64 -> B1070150 | E64: ='日南站'!$AV8 -> 0 | F64: ='日南站'!$AV9 -> 23708.16 | G64: ='日南站'!$AV10 -> 52496.64 | H64: ='日南站'!$AV11 -> 28425.6 | I64: ='日南站'!$AV12 -> 54432 | J64: ='日南站'!$AV13 -> 12458.88 | K64: ='日南站'!$AV14 -> 17902.08 | L64: ='日南站'!$AV15 | M64: ='日南站'!$AV16 | N64: ='日南站'!$AV17 | O64: ='日南站'!$AV18 | P64: ='日南站'!$AV19 | Q64: =SUM(E64:P64) -> 189423.36
A65: 63 | B65: ='總表'!B65 -> 日南 | C65: ='總表'!C65 -> 日南站十號抽水井-九張犁圳 | D65: ='總表'!D65 -> B1080171 | E65: ='日南站'!$AZ8 -> 0 | F65: ='日南站'!$AZ9 -> 58276.8 | G65: ='日南站'!$AZ10 -> 76334.4 | H65: ='日南站'!$AZ11 -> 73872 | I65: ='日南站'!$AZ12 -> 0 | J65: ='日南站'!$AZ13 -> 18057.6 | K65: ='日南站'!$AZ14 -> 30369.6 | L65: ='日南站'!$AZ15 | M65: ='日南站'!$AZ16 | N65: ='日南站'!$AZ17 | O65: ='日南站'!$AZ18 | P65: ='日南站'!$AZ19 | Q65: =SUM(E65:P65) -> 256910.4
A66: 64 | B66: ='總表'!B66 -> 日南 | C66: ='總表'!C66 -> 日南站十一號抽水井-九張犁圳 | D66: ='總表'!D66 -> B1090136 | E66: ='日南站'!$BD8 -> 0 | F66: ='日南站'!$BD9 -> 25401.6 | G66: ='日南站'!$BD10 -> 28123.2 | H66: ='日南站'!$BD11 -> 1209.6 | I66: ='日南站'!$BD12 -> 35154 | J66: ='日南站'!$BD13 -> 7786.8 | K66: ='日南站'!$BD14 -> 11188.8 | L66: ='日南站'!$BD15 | M66: ='日南站'!$BD16 | N66: ='日南站'!$BD17 | O66: ='日南站'!$BD18 | P66: ='日南站'!$BD19 | Q66: =SUM(E66:P66) -> 108864
A67: 65 | B67: ='總表'!B67 -> 日南 | C67: ='總表'!C67 -> 日南站十二號抽水井-日南圳 | D67: ='總表'!D67 -> B1100047 | E67: ='日南站'!$BH8 -> 18091.8 | F67: ='日南站'!$BH9 -> 36388.8 | G67: ='日南站'!$BH10 -> 40287.6 | H67: ='日南站'!$BH11 -> 32490 | I67: ='日南站'!$BH12 -> 0 | J67: ='日南站'!$BH13 -> 7045.2 | K67: ='日南站'!$BH14 -> 16963.2 | L67: ='日南站'!$BH15 | M67: ='日南站'!$BH16 | N67: ='日南站'!$BH17 | O67: ='日南站'!$BH18 | P67: ='日南站'!$BH19 | Q67: =SUM(E67:P67) -> 151266.6
A68: 66 | B68: ='總表'!B68 -> 日南 | C68: ='總表'!C68 -> 日南站十三號抽水井-九張犁圳 | D68: ='總表'!D68 -> B1100087 | E68: ='日南站'!$BL8 -> 0 | F68: ='日南站'!$BL9 -> 48484.8 | G68: ='日南站'!$BL10 -> 53679.6 | H68: ='日南站'!$BL11 -> 31435.2 | I68: ='日南站'!$BL12 -> 61938 | J68: ='日南站'!$BL13 -> 13719.6 | K68: ='日南站'!$BL14 -> 19713.6 | L68: ='日南站'!$BL15 | M68: ='日南站'!$BL16 | N68: ='日南站'!$BL17 | O68: ='日南站'!$BL18 | P68: ='日南站'!$BL19 | Q68: =SUM(E68:P68) -> 228970.8
A69: 67 | B69: ='總表'!B69 -> 日南 | C69: ='總表'!C69 -> 日南站十四號抽水井-九張犁圳 | D69: ='總表'!D69 -> B1120077 | E69: ='日南站'!$BP8 -> 0 | F69: ='日南站'!$BP9 -> 13127.4 | G69: ='日南站'!$BP10 -> 0 | H69: ='日南站'!$BP11 -> 44226 | I69: ='日南站'!$BP12 -> 0 | J69: ='日南站'!$BP13 -> 0 | K69: ='日南站'!$BP14 -> 20779.2 | L69: ='日南站'!$BP15 | M69: ='日南站'!$BP16 | N69: ='日南站'!$BP17 | O69: ='日南站'!$BP18 | P69: ='日南站'!$BP19 | Q69: =SUM(E69:P69) -> 78132.6
A70: 68 | B70: ='總表'!B70 -> 日南 | C70: ='總表'!C70 -> 日南站十五號抽水井-日南圳 | D70: ='總表'!D70 -> B1130014 | E70: ='日南站'!$BT8 -> 0 | F70: ='日南站'!$BT9 -> 9979.2 | G70: ='日南站'!$BT10 -> 11048.4 | H70: ='日南站'!$BT11 -> 4435.2 | I70: ='日南站'!$BT12 -> 35640 | J70: ='日南站'!$BT13 -> 0 | K70: ='日南站'!$BT14 -> 0 | L70: ='日南站'!$BT15 | M70: ='日南站'!$BT16 | N70: ='日南站'!$BT17 | O70: ='日南站'!$BT18 | P70: ='日南站'!$BT19 | Q70: =SUM(E70:P70) -> 61102.8
A71: 69 | B71: ='總表'!B71 -> 日南 | C71: ='總表'!C71 -> 日南站十六號抽水井-九張犁圳 | D71: ='總表'!D71 -> B1130251 | E71: ='日南站'!$BX8 -> 0 | F71: ='日南站'!$BX9 -> 19998.72 | G71: ='日南站'!$BX10 -> 22141.44 | H71: ='日南站'!$BX11 -> 21427.2 | I71: ='日南站'!$BX12 -> 0 | J71: ='日南站'!$BX13 -> 0 | K71: ='日南站'!$BX14 -> 17049.6 | L71: ='日南站'!$BX15 | M71: ='日南站'!$BX16 | N71: ='日南站'!$BX17 | O71: ='日南站'!$BX18 | P71: ='日南站'!$BX19 | Q71: =SUM(E71:P71) -> 80616.96
A72: 70 | B72: ='總表'!B72 -> 日南 | C72: ='總表'!C72 -> 日南站十七號抽水井-日南圳 | D72: ='總表'!D72 -> B1130250 | E72: ='日南站'!$CB8 -> 0 | F72: ='日南站'!$CB9 -> 6930 | G72: ='日南站'!$CB10 -> 11718 | H72: ='日南站'!$CB11 -> 11340 | I72: ='日南站'!$CB12 -> 58590 | J72: ='日南站'!$CB13 -> 12978 | K72: ='日南站'!$CB14 -> 11718 | L72: ='日南站'!$CB15 | M72: ='日南站'!$CB16 | N72: ='日南站'!$CB17 | O72: ='日南站'!$CB18 | P72: ='日南站'!$CB19 | Q72: =SUM(E72:P72) -> 113274
A73: 71 | B73: ='總表'!B73 -> 日南 | C73: ='總表'!C73 -> 日南站十八號抽水井-九張犁圳 | D73: ='總表'!D73 -> B1140139 | E73: ='日南站'!$CF8 -> 0 | F73: ='日南站'!$CF9 -> 30335.76 | G73: ='日南站'!$CF10 -> 33586.02 | H73: ='日南站'!$CF11 -> 32502.6 | I73: ='日南站'!$CF12 -> 0 | J73: ='日南站'!$CF13 -> 17168.04 | K73: ='日南站'!$CF14 -> 0 | L73: ='日南站'!$CF15 | M73: ='日南站'!$CF16 | N73: ='日南站'!$CF17 | O73: ='日南站'!$CF18 | P73: ='日南站'!$CF19 | Q73: =SUM(E73:P73) -> 113592.42
A74: 72 | B74: ='總表'!B74 -> 大甲 | C74: ='總表'!C74 -> 頂店圳一號抽水井 | D74: ='總表'!D74 -> B0118814 | E74: ='大甲站'!$D8 -> 0 | F74: ='大甲站'!$D9 -> 10368 | G74: ='大甲站'!$D10 -> 6480 | H74: ='大甲站'!$D11 -> 3888 | I74: ='大甲站'!$D12 -> 11664 | J74: ='大甲站'!$D13 -> 7776 | K74: ='大甲站'!$D14 -> 0 | L74: ='大甲站'!$D15 | M74: ='大甲站'!$D16 | N74: ='大甲站'!$D17 | O74: ='大甲站'!$D18 | P74: ='大甲站'!$D19 | Q74: =SUM(E74:P74) -> 40176
A75: 73 | B75: ='總表'!B75 -> 大甲 | C75: ='總表'!C75 -> 頂店圳二號抽水井 | D75: ='總表'!D75 -> B0117178 | E75: ='大甲站'!$H8 -> 0 | F75: ='大甲站'!$H9 -> 25920 | G75: ='大甲站'!$H10 -> 32400 | H75: ='大甲站'!$H11 -> 9072 | I75: ='大甲站'!$H12 -> 17496 | J75: ='大甲站'!$H13 -> 9720 | K75: ='大甲站'!$H14 -> 0 | L75: ='大甲站'!$H15 | M75: ='大甲站'!$H16 | N75: ='大甲站'!$H17 | O75: ='大甲站'!$H18 | P75: ='大甲站'!$H19 | Q75: =SUM(E75:P75) -> 94608
A76: 74 | B76: ='總表'!B76 -> 大甲 | C76: ='總表'!C76 -> 頂店圳三號抽水井 | D76: ='總表'!D76 -> B0970046 | E76: ='大甲站'!$L8 -> 0 | F76: ='大甲站'!$L9 -> 1036.8 | G76: ='大甲站'!$L10 -> 24883.2 | H76: ='大甲站'!$L11 -> 10368 | I76: ='大甲站'!$L12 -> 7776 | J76: ='大甲站'!$L13 -> 6220.8 | K76: ='大甲站'!$L14 -> 0 | L76: ='大甲站'!$L15 | M76: ='大甲站'!$L16 | N76: ='大甲站'!$L17 | O76: ='大甲站'!$L18 | P76: ='大甲站'!$L19 | Q76: =SUM(E76:P76) -> 50284.8
A77: 75 | B77: ='總表'!B77 -> 大甲 | C77: ='總表'!C77 -> 頂店圳四號抽水井 | D77: ='總表'!D77 -> B0990021 | E77: ='大甲站'!$P8 -> 0 | F77: ='大甲站'!$P9 -> 0 | G77: ='大甲站'!$P10 -> 0 | H77: ='大甲站'!$P11 -> 0 | I77: ='大甲站'!$P12 -> 0 | J77: ='大甲站'!$P13 -> 0 | K77: ='大甲站'!$P14 -> 0 | L77: ='大甲站'!$P15 | M77: ='大甲站'!$P16 | N77: ='大甲站'!$P17 | O77: ='大甲站'!$P18 | P77: ='大甲站'!$P19 | Q77: =SUM(E77:P77) -> 0
A78: 76 | B78: ='總表'!B78 -> 大甲 | C78: ='總表'!C78 -> 頂店圳五號抽水井 | D78: ='總表'!D78 -> B1020099 | E78: ='大甲站'!$T8 -> 0 | F78: ='大甲站'!$T9 -> 11664 | G78: ='大甲站'!$T10 -> 58320 | H78: ='大甲站'!$T11 -> 19440 | I78: ='大甲站'!$T12 -> 40824 | J78: ='大甲站'!$T13 -> 15552 | K78: ='大甲站'!$T14 -> 0 | L78: ='大甲站'!$T15 | M78: ='大甲站'!$T16 | N78: ='大甲站'!$T17 | O78: ='大甲站'!$T18 | P78: ='大甲站'!$T19 | Q78: =SUM(E78:P78) -> 145800
A79: 77 | B79: ='總表'!B79 -> 大甲 | C79: ='總表'!C79 -> 頂店圳六號抽水井 | D79: ='總表'!D79 -> B1020119 | E79: ='大甲站'!$X8 -> 0 | F79: ='大甲站'!$X9 -> 0 | G79: ='大甲站'!$X10 -> 29412 | H79: ='大甲站'!$X11 -> 9288 | I79: ='大甲站'!$X12 -> 27864 | J79: ='大甲站'!$X13 -> 6966 | K79: ='大甲站'!$X14 -> 0 | L79: ='大甲站'!$X15 | M79: ='大甲站'!$X16 | N79: ='大甲站'!$X17 | O79: ='大甲站'!$X18 | P79: ='大甲站'!$X19 | Q79: =SUM(E79:P79) -> 73530
A80: 78 | B80: ='總表'!B80 -> 大甲 | C80: ='總表'!C80 -> 頂店圳七號抽水井 | D80: ='總表'!D80 -> B1020100 | E80: ='大甲站'!$AB8 -> 0 | F80: ='大甲站'!$AB9 -> 0 | G80: ='大甲站'!$AB10 -> 30240 | H80: ='大甲站'!$AB11 -> 4320 | I80: ='大甲站'!$AB12 -> 10080 | J80: ='大甲站'!$AB13 -> 7200 | K80: ='大甲站'!$AB14 -> 0 | L80: ='大甲站'!$AB15 | M80: ='大甲站'!$AB16 | N80: ='大甲站'!$AB17 | O80: ='大甲站'!$AB18 | P80: ='大甲站'!$AB19 | Q80: =SUM(E80:P80) -> 51840
A81: 79 | B81: ='總表'!B81 -> 大甲 | C81: ='總表'!C81 -> 頂店圳八號抽水井 | D81: ='總表'!D81 -> B1090091 | E81: ='大甲站'!$AF8 -> 0 | F81: ='大甲站'!$AF9 -> 24998.4 | G81: ='大甲站'!$AF10 -> 31248 | H81: ='大甲站'!$AF11 -> 14842.8 | I81: ='大甲站'!$AF12 -> 32810.4 | J81: ='大甲站'!$AF13 -> 12499.2 | K81: ='大甲站'!$AF14 -> 0 | L81: ='大甲站'!$AF15 | M81: ='大甲站'!$AF16 | N81: ='大甲站'!$AF17 | O81: ='大甲站'!$AF18 | P81: ='大甲站'!$AF19 | Q81: =SUM(E81:P81) -> 116398.8
A82: 80 | B82: ='總表'!B82 -> 大甲 | C82: ='總表'!C82 -> 頂店圳九號抽水井 | D82: ='總表'!D82 -> B1120003 | E82: ='大甲站'!$AJ8 -> 0 | F82: ='大甲站'!$AJ9 -> 6678 | G82: ='大甲站'!$AJ10 -> 30528 | H82: ='大甲站'!$AJ11 -> 9540 | I82: ='大甲站'!$AJ12 -> 22896 | J82: ='大甲站'!$AJ13 -> 13356 | K82: ='大甲站'!$AJ14 -> 0 | L82: ='大甲站'!$AJ15 | M82: ='大甲站'!$AJ16 | N82: ='大甲站'!$AJ17 | O82: ='大甲站'!$AJ18 | P82: ='大甲站'!$AJ19 | Q82: =SUM(E82:P82) -> 82998
A83: 81 | B83: ='總表'!B83 -> 大甲 | C83: ='總表'!C83 -> 頂店圳十號抽水井 | D83: ='總表'!D83 -> B1150050 | E83: ='大甲站'!$AN8 -> 0 | F83: ='大甲站'!$AN9 -> 0 | G83: ='大甲站'!$AN10 -> 0 | H83: ='大甲站'!$AN11 -> 0 | I83: ='大甲站'!$AN12 -> 0 | J83: ='大甲站'!$AN13 -> 0 | K83: ='大甲站'!$AN14 -> 0 | L83: ='大甲站'!$AN15 | M83: ='大甲站'!$AN16 | N83: ='大甲站'!$AN17 | O83: ='大甲站'!$AN18 | P83: ='大甲站'!$AN19 | Q83: =SUM(E83:P83) -> 0
A84: 82 | B84: ='總表'!B84 -> 大甲 | C84: ='總表'!C84 -> 頂店圳十一號抽水井 | D84: ='總表'!D84 -> B1150051 | E84: ='大甲站'!$AR8 -> 0 | F84: ='大甲站'!$AR9 -> 0 | G84: ='大甲站'!$AR10 -> 0 | H84: ='大甲站'!$AR11 -> 0 | I84: ='大甲站'!$AR12 -> 0 | J84: ='大甲站'!$AR13 -> 0 | K84: ='大甲站'!$AR14 -> 0 | L84: ='大甲站'!$AR15 | M84: ='大甲站'!$AR16 | N84: ='大甲站'!$AR17 | O84: ='大甲站'!$AR18 | P84: ='大甲站'!$AR19 | Q84: =SUM(E84:P84) -> 0
A85: 83 | B85: ='總表'!B85 -> 大甲 | C85: ='總表'!C85 -> 頂店圳十二號抽水井 | D85: ='總表'!D85 -> B1150052 | E85: ='大甲站'!$AV8 -> 0 | F85: ='大甲站'!$AV9 -> 0 | G85: ='大甲站'!$AV10 -> 0 | H85: ='大甲站'!$AV11 -> 0 | I85: ='大甲站'!$AV12 -> 0 | J85: ='大甲站'!$AV13 -> 0 | K85: ='大甲站'!$AV14 -> 0 | L85: ='大甲站'!$AV15 | M85: ='大甲站'!$AV16 | N85: ='大甲站'!$AV17 | O85: ='大甲站'!$AV18 | P85: ='大甲站'!$AV19 | Q85: =SUM(E85:P85) -> 0
A86: 84 | B86: ='總表'!B86 -> 大安 | C86: ='總表'!C86 -> 虎眼一圳福興圳支線1號抽水井 | D86: ='總表'!D86 -> B0960027 | E86: ='大安站'!$D8 -> 0 | F86: ='大安站'!$D9 -> 50.4 | G86: ='大安站'!$D10 -> 22176 | H86: ='大安站'!$D11 -> 20160 | I86: ='大安站'!$D12 -> 19152 | J86: ='大安站'!$D13 -> 0 | K86: ='大安站'!$D14 -> 4032 | L86: ='大安站'!$D15 | M86: ='大安站'!$D16 | N86: ='大安站'!$D17 | O86: ='大安站'!$D18 | P86: ='大安站'!$D19 | Q86: =SUM(E86:P86) -> 65570.4
A87: 85 | B87: ='總表'!B87 -> 大安 | C87: ='總表'!C87 -> 虎眼一圳頂破溪抽水井 | D87: ='總表'!D87 -> B1120200 | E87: ='大安站'!$H8 -> 0 | F87: ='大安站'!$H9 -> 6.264 | G87: ='大安站'!$H10 -> 0 | H87: ='大安站'!$H11 -> 0 | I87: ='大安站'!$H12 -> 0 | J87: ='大安站'!$H13 -> 0 | K87: ='大安站'!$H14 -> 0 | L87: ='大安站'!$H15 | M87: ='大安站'!$H16 | N87: ='大安站'!$H17 | O87: ='大安站'!$H18 | P87: ='大安站'!$H19 | Q87: =SUM(E87:P87) -> 6.264
A88: 86 | B88: ='總表'!B88 -> 大安 | C88: ='總表'!C88 -> 虎眼二圳中庄圳支線抽水井 | D88: ='總表'!D88 -> B1140035 | E88: ='大安站'!$L8 -> 0 | F88: ='大安站'!$L9 -> 16.56 | G88: ='大安站'!$L10 -> 17222.4 | H88: ='大安站'!$L11 -> 2649.6 | I88: ='大安站'!$L12 -> 3974.4 | J88: ='大安站'!$L13 -> 0 | K88: ='大安站'!$L14 -> 2649.6 | L88: ='大安站'!$L15 | M88: ='大安站'!$L16 | N88: ='大安站'!$L17 | O88: ='大安站'!$L18 | P88: ='大安站'!$L19 | Q88: =SUM(E88:P88) -> 26512.56
A89: 87 | B89: ='總表'!B89 -> 大安 | C89: ='總表'!C89 -> 虎眼一圳頭前溝抽水井 | D89: ='總表'!D89 -> B1140034 | E89: ='大安站'!$P8 -> 0 | F89: ='大安站'!$P9 -> 2856.96 | G89: ='大安站'!$P10 -> 22855.68 | H89: ='大安站'!$P11 -> 6249.6 | I89: ='大安站'!$P12 -> 13570.56 | J89: ='大安站'!$P13 -> 0 | K89: ='大安站'!$P14 -> 2856.96 | L89: ='大安站'!$P15 | M89: ='大安站'!$P16 | N89: ='大安站'!$P17 | O89: ='大安站'!$P18 | P89: ='大安站'!$P19 | Q89: =SUM(E89:P89) -> 48389.76
A90: 88 | B90: ='總表'!B90 -> 大安 | C90: ='總表'!C90 -> 虎眼一圳福興圳支線2號抽水井 | D90: ='總表'!D90 -> B1140037 | E90: ='大安站'!$T8 -> 0 | F90: ='大安站'!$T9 -> 31.752 | G90: ='大安站'!$T10 -> 0 | H90: ='大安站'!$T11 -> 0 | I90: ='大安站'!$T12 -> 7620.48 | J90: ='大安站'!$T13 -> 0 | K90: ='大安站'!$T14 -> 0 | L90: ='大安站'!$T15 | M90: ='大安站'!$T16 | N90: ='大安站'!$T17 | O90: ='大安站'!$T18 | P90: ='大安站'!$T19 | Q90: =SUM(E90:P90) -> 7652.232
A91: 89 | B91: ='總表'!B91 -> 大安 | C91: ='總表'!C91 -> 虎眼二圳草湖圳支線抽水井 | D91: ='總表'!D91 -> B1150057 | E91: ='大安站'!$X8 -> 0 | F91: ='大安站'!$X9 -> 0 | G91: ='大安站'!$X10 -> 0 | H91: ='大安站'!$X11 -> 0 | I91: ='大安站'!$X12 -> 10419.84 | J91: ='大安站'!$X13 -> 0 | K91: ='大安站'!$X14 -> 0 | L91: ='大安站'!$X15 | M91: ='大安站'!$X16 | N91: ='大安站'!$X17 | O91: ='大安站'!$X18 | P91: ='大安站'!$X19 | Q91: =SUM(E91:P91) -> 10419.84
A92: 90 | B92: ='總表'!B92 -> 大安 | C92: ='總表'!C92 -> 虎眼一圳後壁溝抽水井 | D92: ='總表'!D92 -> B1150095 | E92: ='大安站'!$AB8 -> 0 | F92: ='大安站'!$AB9 -> 0 | G92: ='大安站'!$AB10 -> 0 | H92: ='大安站'!$AB11 -> 0 | I92: ='大安站'!$AB12 -> 0 | J92: ='大安站'!$AB13 -> 0 | K92: ='大安站'!$AB14 -> 0 | L92: ='大安站'!$AB15 | M92: ='大安站'!$AB16 | N92: ='大安站'!$AB17 | O92: ='大安站'!$AB18 | P92: ='大安站'!$AB19 | Q92: =SUM(E92:P92) -> 0
A93: 91 | B93: ='總表'!B93 -> 大安 | C93: ='總表'!C93 -> 虎眼一圳福興圳支線3號抽水井 | D93: ='總表'!D93 -> B1150096 | E93: ='大安站'!$AF8 -> 0 | F93: ='大安站'!$AF9 -> 0 | G93: ='大安站'!$AF10 -> 0 | H93: ='大安站'!$AF11 -> 0 | I93: ='大安站'!$AF12 -> 0 | J93: ='大安站'!$AF13 -> 0 | K93: ='大安站'!$AF14 -> 0 | L93: ='大安站'!$AF15 | M93: ='大安站'!$AF16 | N93: ='大安站'!$AF17 | O93: ='大安站'!$AF18 | P93: ='大安站'!$AF19 | Q93: =SUM(E93:P93) -> 0
A94: 92 | B94: ='總表'!B94 -> 大南 | C94: ='總表'!C94 -> 新社圳抽水井 | D94: ='總表'!D94 -> B0113848 | E94: ='大南站'!$D8 -> 84.6 | F94: ='大南站'!$D9 -> 84.6 | G94: ='大南站'!$D10 -> 84.6 | H94: ='大南站'!$D11 -> 84.6 | I94: ='大南站'!$D12 -> 84.6 | J94: ='大南站'!$D13 -> 84.6 | K94: ='大南站'!$D14 -> 84.6 | L94: ='大南站'!$D15 | M94: ='大南站'!$D16 | N94: ='大南站'!$D17 | O94: ='大南站'!$D18 | P94: ='大南站'!$D19 | Q94: =SUM(E94:P94) -> 592.2
A95: 93 | B95: ='總表'!B95 -> 大南 | C95: ='總表'!C95 -> 白冷圳馬力埔抽水井 | D95: ='總表'!D95 -> B0130292 | E95: ='大南站'!$H8 -> 0 | F95: ='大南站'!$H9 -> 0 | G95: ='大南站'!$H10 -> 0 | H95: ='大南站'!$H11 -> 0 | I95: ='大南站'!$H12 -> 0 | J95: ='大南站'!$H13 -> 0 | K95: ='大南站'!$H14 -> 0 | L95: ='大南站'!$H15 | M95: ='大南站'!$H16 | N95: ='大南站'!$H17 | O95: ='大南站'!$H18 | P95: ='大南站'!$H19 | Q95: =SUM(E95:P95) -> 0
A96: 94 | B96: ='總表'!B96 -> 大南 | C96: ='總表'!C96 -> 白冷圳大南抽水井 | D96: ='總表'!D96 -> B1050080 | E96: ='大南站'!$L8 -> 0 | F96: ='大南站'!$L9 -> 0 | G96: ='大南站'!$L10 -> 0 | H96: ='大南站'!$L11 -> 0 | I96: ='大南站'!$L12 -> 0 | J96: ='大南站'!$L13 -> 0 | K96: ='大南站'!$L14 | L96: ='大南站'!$L15 | M96: ='大南站'!$L16 | N96: ='大南站'!$L17 | O96: ='大南站'!$L18 | P96: ='大南站'!$L19 | Q96: =SUM(E96:P96) -> 0 | R96: 1150630屆期不再申請
A97: 95 | B97: ='總表'!B97 -> 八寶 | C97: ='總表'!C97 -> 太平一圳抽水井 | D97: ='總表'!D97 -> B1060111 | E97: ='八寶站'!$D8 -> 228.96 | F97: ='八寶站'!$D9 -> 228.96 | G97: ='八寶站'!$D10 -> 305.28 | H97: ='八寶站'!$D11 -> 305.28 | I97: ='八寶站'!$D12 -> 305.28 | J97: ='八寶站'!$D13 -> 228.96 | K97: ='八寶站'!$D14 -> 228.96 | L97: ='八寶站'!$D15 | M97: ='八寶站'!$D16 | N97: ='八寶站'!$D17 | O97: ='八寶站'!$D18 | P97: ='八寶站'!$D19 | Q97: =SUM(E97:P97) -> 1831.68
A98: 96 | B98: ='總表'!B98 -> 八寶 | C98: ='總表'!C98 -> 潭子區興龍段279地號抽水井 | D98: ='總表'!D98 -> B1130052 | E98: ='八寶站'!$H8 -> 0 | F98: ='八寶站'!$H9 -> 0 | G98: ='八寶站'!$H10 -> 0 | H98: ='八寶站'!$H11 -> 0 | I98: ='八寶站'!$H12 -> 0 | J98: ='八寶站'!$H13 -> 0 | K98: ='八寶站'!$H14 -> 0 | L98: ='八寶站'!$H15 | M98: ='八寶站'!$H16 | N98: ='八寶站'!$H17 | O98: ='八寶站'!$H18 | P98: ='八寶站'!$H19 | Q98: =SUM(E98:P98) -> 0
A99: 97 | B99: ='總表'!B99 -> 八寶 | C99: ='總表'!C99 -> 潭子區興龍段69地號抽水井 | D99: ='總表'!D99 -> B1130145 | E99: ='八寶站'!$L8 -> 0 | F99: ='八寶站'!$L9 -> 0 | G99: ='八寶站'!$L10 -> 0 | H99: ='八寶站'!$L11 -> 0 | I99: ='八寶站'!$L12 -> 0 | J99: ='八寶站'!$L13 -> 0 | K99: ='八寶站'!$L14 -> 2 | L99: ='八寶站'!$L15 | M99: ='八寶站'!$L16 | N99: ='八寶站'!$L17 | O99: ='八寶站'!$L18 | P99: ='八寶站'!$L19 | Q99: =SUM(E99:P99) -> 2
A100: 98 | B100: ='總表'!B100 -> 八寶 | C100: ='總表'!C100 -> 潭子區豐興段1282地號抽水井 | D100: ='總表'!D100 -> B1140177 | E100: ='八寶站'!$P8 -> 0 | F100: ='八寶站'!$P9 -> 0 | G100: ='八寶站'!$P10 -> 0 | H100: ='八寶站'!$P11 -> 0 | I100: ='八寶站'!$P12 -> 0 | J100: ='八寶站'!$P13 -> 0 | K100: ='八寶站'!$P14 -> 0 | L100: ='八寶站'!$P15 | M100: ='八寶站'!$P16 | N100: ='八寶站'!$P17 | O100: ='八寶站'!$P18 | P100: ='八寶站'!$P19 | Q100: =SUM(E100:P100) -> 0
A101: 99 | B101: ='總表'!B101 -> 八寶 | C101: ='總表'!C101 -> 豐原區南陽段175地號抽水井 | D101: ='總表'!D101 -> B1150091 | E101: ='八寶站'!$T8 -> 0 | F101: ='八寶站'!$T9 -> 0 | G101: ='八寶站'!$T10 -> 0 | H101: ='八寶站'!$T11 -> 0 | I101: ='八寶站'!$T12 -> 0 | J101: ='八寶站'!$T13 -> 0 | K101: ='八寶站'!$T14 -> 0 | L101: ='八寶站'!$T15 | M101: ='八寶站'!$T16 | N101: ='八寶站'!$T17 | O101: ='八寶站'!$T18 | P101: ='八寶站'!$T19 | Q101: =SUM(E101:P101) -> 0
...

Sheet 卓蘭站
A1: 站別- | B1: 卓蘭
A2: 年度別- | B2: 115
A3: 抽水井名稱- | B3: ='總表'!$C3 -> 苗豐抽水井
A4: 水權狀號- | B4: ='總表'!$D3 -> K0124239
A5: 核准年限- | B5: ='總表'!$E3 -> 1120808 | C5: ='總表'!$F3 -> 1170807
A6: 備註- | B6: ='總表'!$K3 -> 16 | C6: 小時/日
A7: 項目 月份 | B7: 抽水時間(hr) | C7: 水權引水量(cms) | D7: 抽水量(m³)
A8: 1 | B8: 0.433 | C8: ='總表'!$J3 -> 0.0169 | D8: =IF(B8="","",B8*C8*3600) -> 26.34372
A9: 2 | B9: 13.17 | C9: =C8 -> 0.0169 | D9: =IF(B9="","",B9*C9*3600) -> 801.2628
A10: 3 | B10: 37.08 | C10: =C8 -> 0.0169 | D10: =IF(B10="","",B10*C10*3600) -> 2255.9472
A11: 4 | B11: 0.1666666 | C11: =C8 -> 0.0169 | D11: =IF(B11="","",B11*C11*3600) -> 10.139996
A12: 5 | B12: 0 | C12: =C8 -> 0.0169 | D12: =IF(B12="","",B12*C12*3600) -> 0
A13: 6 | B13: 27.6 | C13: =C8 -> 0.0169 | D13: =IF(B13="","",B13*C13*3600) -> 1679.184
A14: 7 | B14: 14.89999 | C14: =C8 -> 0.0169 | D14: =IF(B14="","",B14*C14*3600) -> 906.51539
A15: 8 | C15: =C8 -> 0.0169 | D15: =IF(B15="","",B15*C15*3600)
A16: 9 | C16: =C8 -> 0.0169 | D16: =IF(B16="","",B16*C16*3600)
A17: 10 | C17: =C8 -> 0.0169 | D17: =IF(B17="","",B17*C17*3600)
A18: 11 | C18: =C8 -> 0.0169 | D18: =IF(B18="","",B18*C18*3600)
A19: 12 | C19: =C8 -> 0.0169 | D19: =IF(B19="","",B19*C19*3600)
A20: 合計 | D20: =SUM(D8:D19) -> 5679.3931

Sheet 苑裡站
A1: 站別- | B1: 苑裡 | E1: 站別- | F1: =$B$1 -> 苑裡 | I1: 站別- | J1: =$B$1 -> 苑裡 | M1: 站別- | N1: =$B$1 -> 苑裡 | Q1: 站別- | R1: =$B$1 -> 苑裡 | U1: 站別- | V1: =$B$1 -> 苑裡
A2: 年度別- | B2: ='卓蘭站'!B2 -> 115 | E2: 年度別- | F2: ='卓蘭站'!B2 -> 115 | I2: 年度別- | J2: ='卓蘭站'!B2 -> 115 | M2: 年度別- | N2: ='卓蘭站'!B2 -> 115 | Q2: 年度別- | R2: ='卓蘭站'!B2 -> 115 | U2: 年度別- | V2: ='卓蘭站'!B2 -> 115
A3: 抽水井名稱- | B3: ='總表'!C12 -> 新復一號抽水井 | E3: 抽水井名稱- | F3: ='總表'!$C13 -> 新復二號抽水井 | I3: 抽水井名稱- | J3: ='總表'!$C14 -> 田心小組抽水井 | M3: 抽水井名稱- | N3: ='總表'!$C15 -> 田心二號抽水井 | Q3: 抽水井名稱- | R3: ='總表'!$C16 -> 西勢支線抽水井 | U3: 抽水井名稱- | V3: ='總表'!$C17 -> 砂埤支線抽水井
A4: 水權狀號- | B4: ='總表'!$D12 -> K0123688 | E4: 水權狀號- | F4: ='總表'!$D13 -> K0123786 | I4: 水權狀號- | J4: ='總表'!$D14 -> K0123766 | M4: 水權狀號- | N4: ='總表'!$D15 -> K0124420 | Q4: 水權狀號- | R4: ='總表'!$D16 -> K0123779 | U4: 水權狀號- | V4: ='總表'!$D17 -> K0124485
A5: 核准年限- | B5: ='總表'!$E12 -> 1110101 | C5: ='總表'!$F12 -> 1151231 | E5: 核准年限- | F5: ='總表'!$E13 -> 1130201 | G5: ='總表'!$F13 -> 1180131 | I5: 核准年限- | J5: ='總表'!$E14 -> 1121201 | K5: ='總表'!$F14 -> 1171130 | M5: 核准年限- | N5: ='總表'!$E15 -> 1140401 | O5: ='總表'!$F15 -> 1190331 | Q5: 核准年限- | R5: ='總表'!$E16 -> 1130201 | S5: ='總表'!$F16 -> 1180131 | U5: 核准年限- | V5: ='總表'!$E17 -> 1140901 | W5: ='總表'!$F17 -> 1190831
A6: 備註- | B6: ='總表'!$K12 -> 20 | C6: 小時/日 | E6: 備註- | F6: ='總表'!$K13 -> 20 | G6: 小時/日 | I6: 備註- | J6: ='總表'!$K14 -> 20 | K6: 小時/日 | M6: 備註- | N6: ='總表'!$K15 -> 20 | O6: 小時/日 | Q6: 備註- | R6: ='總表'!$K16 -> 20 | S6: 小時/日 | U6: 備註- | V6: ='總表'!$K17 -> 20 | W6: 小時/日
A7: 項目 月份 | B7: 抽水時間(hr) | C7: 水權引水量(cms) | D7: 抽水量(m³) | E7: 項目 月份 | F7: 抽水時間(hr) | G7: 水權引水量(cms) | H7: 抽水量(m³) | I7: 項目 月份 | J7: 抽水時間(hr) | K7: 水權引水量(cms) | L7: 抽水量(m³) | M7: 項目 月份 | N7: 抽水時間(hr) | O7: 水權引水量(cms) | P7: 抽水量(m³) | Q7: 項目 月份 | R7: 抽水時間(hr) | S7: 水權引水量(cms) | T7: 抽水量(m³) | U7: 項目 月份 | V7: 抽水時間(hr) | W7: 水權引水量(cms) | X7: 抽水量(m³)
A8: 1 | B8: 0 | C8: ='總表'!$J12 -> 0.0613 | D8: =IF(B8="","",B8*C8*3600) -> 0 | E8: 1 | F8: 0 | G8: ='總表'!$J13 -> 0.038 | H8: =IF(F8="","",F8*G8*3600) -> 0 | I8: 1 | J8: 0 | K8: ='總表'!$J14 -> 0.07 | L8: =IF(J8="","",J8*K8*3600) -> 0 | M8: 1 | N8: 0 | O8: ='總表'!$J15 -> 0.0525 | P8: =IF(N8="","",N8*O8*3600) -> 0 | Q8: 1 | R8: 0 | S8: ='總表'!$J16 -> 0.0175 | T8: =IF(R8="","",R8*S8*3600) -> 0 | U8: 1 | V8: 0 | W8: ='總表'!$J17 -> 0.025 | X8: =IF(V8="","",V8*W8*3600) -> 0
A9: 2 | B9: 240 | C9: =C8 -> 0.0613 | D9: =IF(B9="","",B9*C9*3600) -> 52963.2 | E9: 2 | F9: 240 | G9: =G8 -> 0.038 | H9: =IF(F9="","",F9*G9*3600) -> 32832 | I9: 2 | J9: 204 | K9: =K8 -> 0.07 | L9: =IF(J9="","",J9*K9*3600) -> 51408 | M9: 2 | N9: 197 | O9: =O8 -> 0.0525 | P9: =IF(N9="","",N9*O9*3600) -> 37233 | Q9: 2 | R9: 72 | S9: =S8 -> 0.0175 | T9: =IF(R9="","",R9*S9*3600) -> 4536 | U9: 2 | V9: 216 | W9: =W8 -> 0.025 | X9: =IF(V9="","",V9*W9*3600) -> 19440
A10: 3 | B10: 312 | C10: =C8 -> 0.0613 | D10: =IF(B10="","",B10*C10*3600) -> 68852.16 | E10: 3 | F10: 312 | G10: =G8 -> 0.038 | H10: =IF(F10="","",F10*G10*3600) -> 42681.6 | I10: 3 | J10: 434 | K10: =K8 -> 0.07 | L10: =IF(J10="","",J10*K10*3600) -> 109368 | M10: 3 | N10: 434 | O10: =O8 -> 0.0525 | P10: =IF(N10="","",N10*O10*3600) -> 82026 | Q10: 3 | R10: 294 | S10: =S8 -> 0.0175 | T10: =IF(R10="","",R10*S10*3600) -> 18522 | U10: 3 | V10: 398 | W10: =W8 -> 0.025 | X10: =IF(V10="","",V10*W10*3600) -> 35820
A11: 4 | B11: 149 | C11: =C8 -> 0.0613 | D11: =IF(B11="","",B11*C11*3600) -> 32881.32 | E11: 4 | F11: 192 | G11: =G8 -> 0.038 | H11: =IF(F11="","",F11*G11*3600) -> 26265.6 | I11: 4 | J11: 149 | K11: =K8 -> 0.07 | L11: =IF(J11="","",J11*K11*3600) -> 37548 | M11: 4 | N11: 149 | O11: =O8 -> 0.0525 | P11: =IF(N11="","",N11*O11*3600) -> 28161 | Q11: 4 | R11: 75 | S11: =S8 -> 0.0175 | T11: =IF(R11="","",R11*S11*3600) -> 4725 | U11: 4 | V11: 192 | W11: =W8 -> 0.025 | X11: =IF(V11="","",V11*W11*3600) -> 17280
A12: 5 | B12: 188 | C12: =C8 -> 0.0613 | D12: =IF(B12="","",B12*C12*3600) -> 41487.84 | E12: 5 | F12: 231 | G12: =G8 -> 0.038 | H12: =IF(F12="","",F12*G12*3600) -> 31600.8 | I12: 5 | J12: 110 | K12: =K8 -> 0.07 | L12: =IF(J12="","",J12*K12*3600) -> 27720 | M12: 5 | N12: 176 | O12: =O8 -> 0.0525 | P12: =IF(N12="","",N12*O12*3600) -> 33264 | Q12: 5 | R12: 92 | S12: =S8 -> 0.0175 | T12: =IF(R12="","",R12*S12*3600) -> 5796 | U12: 5 | V12: 110 | W12: =W8 -> 0.025 | X12: =IF(V12="","",V12*W12*3600) -> 9900
A13: 6 | B13: 167 | C13: =C8 -> 0.0613 | D13: =IF(B13="","",B13*C13*3600) -> 36853.56 | E13: 6 | F13: 167 | G13: =G8 -> 0.038 | H13: =IF(F13="","",F13*G13*3600) -> 22845.6 | I13: 6 | J13: 167 | K13: =K8 -> 0.07 | L13: =IF(J13="","",J13*K13*3600) -> 42084 | M13: 6 | N13: 167 | O13: =O8 -> 0.0525 | P13: =IF(N13="","",N13*O13*3600) -> 31563 | Q13: 6 | R13: 48 | S13: =S8 -> 0.0175 | T13: =IF(R13="","",R13*S13*3600) -> 3024 | U13: 6 | V13: 167 | W13: =W8 -> 0.025 | X13: =IF(V13="","",V13*W13*3600) -> 15030
A14: 7 | B14: 0 | C14: =C8 -> 0.0613 | D14: =IF(B14="","",B14*C14*3600) -> 0 | E14: 7 | F14: 0 | G14: =G8 -> 0.038 | H14: =IF(F14="","",F14*G14*3600) -> 0 | I14: 7 | J14: 0 | K14: =K8 -> 0.07 | L14: =IF(J14="","",J14*K14*3600) -> 0 | M14: 7 | N14: 0 | O14: =O8 -> 0.0525 | P14: =IF(N14="","",N14*O14*3600) -> 0 | Q14: 7 | R14: 0 | S14: =S8 -> 0.0175 | T14: =IF(R14="","",R14*S14*3600) -> 0 | U14: 7 | V14: 0 | W14: =W8 -> 0.025 | X14: =IF(V14="","",V14*W14*3600) -> 0
A15: 8 | C15: =C8 -> 0.0613 | D15: =IF(B15="","",B15*C15*3600) | E15: 8 | G15: =G8 -> 0.038 | H15: =IF(F15="","",F15*G15*3600) | I15: 8 | K15: =K8 -> 0.07 | L15: =IF(J15="","",J15*K15*3600) | M15: 8 | O15: =O8 -> 0.0525 | P15: =IF(N15="","",N15*O15*3600) | Q15: 8 | S15: =S8 -> 0.0175 | T15: =IF(R15="","",R15*S15*3600) | U15: 8 | W15: =W8 -> 0.025 | X15: =IF(V15="","",V15*W15*3600)
A16: 9 | C16: =C8 -> 0.0613 | D16: =IF(B16="","",B16*C16*3600) | E16: 9 | G16: =G8 -> 0.038 | H16: =IF(F16="","",F16*G16*3600) | I16: 9 | K16: =K8 -> 0.07 | L16: =IF(J16="","",J16*K16*3600) | M16: 9 | O16: =O8 -> 0.0525 | P16: =IF(N16="","",N16*O16*3600) | Q16: 9 | S16: =S8 -> 0.0175 | T16: =IF(R16="","",R16*S16*3600) | U16: 9 | W16: =W8 -> 0.025 | X16: =IF(V16="","",V16*W16*3600)
A17: 10 | C17: =C8 -> 0.0613 | D17: =IF(B17="","",B17*C17*3600) | E17: 10 | G17: =G8 -> 0.038 | H17: =IF(F17="","",F17*G17*3600) | I17: 10 | K17: =K8 -> 0.07 | L17: =IF(J17="","",J17*K17*3600) | M17: 10 | O17: =O8 -> 0.0525 | P17: =IF(N17="","",N17*O17*3600) | Q17: 10 | S17: =S8 -> 0.0175 | T17: =IF(R17="","",R17*S17*3600) | U17: 10 | W17: =W8 -> 0.025 | X17: =IF(V17="","",V17*W17*3600)
A18: 11 | C18: =C8 -> 0.0613 | D18: =IF(B18="","",B18*C18*3600) | E18: 11 | G18: =G8 -> 0.038 | H18: =IF(F18="","",F18*G18*3600) | I18: 11 | K18: =K8 -> 0.07 | L18: =IF(J18="","",J18*K18*3600) | M18: 11 | O18: =O8 -> 0.0525 | P18: =IF(N18="","",N18*O18*3600) | Q18: 11 | S18: =S8 -> 0.0175 | T18: =IF(R18="","",R18*S18*3600) | U18: 11 | W18: =W8 -> 0.025 | X18: =IF(V18="","",V18*W18*3600)
A19: 12 | C19: =C8 -> 0.0613 | D19: =IF(B19="","",B19*C19*3600) | E19: 12 | G19: =G8 -> 0.038 | H19: =IF(F19="","",F19*G19*3600) | I19: 12 | K19: =K8 -> 0.07 | L19: =IF(J19="","",J19*K19*3600) | M19: 12 | O19: =O8 -> 0.0525 | P19: =IF(N19="","",N19*O19*3600) | Q19: 12 | S19: =S8 -> 0.0175 | T19: =IF(R19="","",R19*S19*3600) | U19: 12 | W19: =W8 -> 0.025 | X19: =IF(V19="","",V19*W19*3600)
A20: 合計 | D20: =SUM(D8:D19) -> 233038.08 | E20: 合計 | H20: =SUM(H8:H19) -> 156225.6 | I20: 合計 | L20: =SUM(L8:L19) -> 268128 | M20: 合計 | P20: =SUM(P8:P19) -> 212247 | Q20: 合計 | T20: =SUM(T8:T19) -> 36603 | U20: 合計 | X20: =SUM(X8:X19) -> 97470

Sheet 山腳站
A1: 站別- | B1: 山腳 | E1: 站別- | F1: =$B$1 -> 山腳 | I1: 站別- | J1: =$B$1 -> 山腳 | M1: 站別- | N1: =$B$1 -> 山腳 | Q1: 站別- | R1: =$B$1 -> 山腳 | U1: 站別- | V1: =$B$1 -> 山腳 | Y1: 站別- | Z1: =$B$1 -> 山腳 | AC1: 站別- | AD1: =$B$1 -> 山腳
A2: 年度別- | B2: ='卓蘭站'!B2 -> 115 | E2: 年度別- | F2: ='卓蘭站'!B2 -> 115 | I2: 年度別- | J2: ='卓蘭站'!B2 -> 115 | M2: 年度別- | N2: ='卓蘭站'!B2 -> 115 | Q2: 年度別- | R2: ='卓蘭站'!B2 -> 115 | U2: 年度別- | V2: ='卓蘭站'!B2 -> 115 | Y2: 年度別- | Z2: ='卓蘭站'!B2 -> 115 | AC2: 年度別- | AD2: ='卓蘭站'!B2 -> 115
A3: 抽水井名稱- | B3: ='總表'!$C4 -> 泰田抽水井 | E3: 抽水井名稱- | F3: ='總表'!$C5 -> 社柑抽水井 | I3: 抽水井名稱- | J3: ='總表'!$C6 -> 社南抽水井 | M3: 抽水井名稱- | N3: ='總表'!$C7 -> 濁一抽水井 | Q3: 抽水井名稱- | R3: ='總表'!$C8 -> 啟心抽水井 | U3: 抽水井名稱- | V3: ='總表'!$C9 -> 山柑一號抽水井 | Y3: 抽水井名稱- | Z3: ='總表'!$C10 -> 山柑二號抽水井 | AC3: 抽水井名稱- | AD3: ='總表'!C11 -> 濁水二號抽水井
A4: 水權狀號- | B4: ='總表'!$D4 -> K0086033 | E4: 水權狀號- | F4: ='總表'!$D5 -> K0086034 | I4: 水權狀號- | J4: ='總表'!$D6 -> K0123393 | M4: 水權狀號- | N4: ='總表'!$D7 -> K0123725 | Q4: 水權狀號- | R4: ='總表'!$D8 -> K0123768 | U4: 水權狀號- | V4: ='總表'!$D9 -> K1140087 | Y4: 水權狀號- | Z4: ='總表'!$D10 -> K0124362 | AC4: 水權狀號- | AD4: ='總表'!D11 -> K1140122
A5: 核准年限- | B5: ='總表'!$E4 -> 1110401 | C5: ='總表'!$F4 -> 1160331 | E5: 核准年限- | F5: ='總表'!$E5 -> 1110401 | G5: ='總表'!$F5 -> 1160331 | I5: 核准年限- | J5: ='總表'!$E6 -> 1111101 | K5: ='總表'!$F6 -> 1161031 | M5: 核准年限- | N5: ='總表'!$E7 -> 1110101 | O5: ='總表'!$F7 -> 1151231 | Q5: 核准年限- | R5: ='總表'!$E8 -> 1121201 | S5: ='總表'!$F8 -> 1171130 | U5: 核准年限- | V5: ='總表'!$E9 -> 1140811 | W5: ='總表'!$F9 -> 1190810 | Y5: 核准年限- | Z5: ='總表'!$E10 -> 1130711 | AA5: ='總表'!$F10 -> 1180710 | AC5: 核准年限- | AD5: ='總表'!E11 -> 1141011 | AE5: ='總表'!F11 -> 1191010
A6: 備註- | B6: ='總表'!$K4 -> 20 | C6: 小時/日 | E6: 備註- | F6: ='總表'!$K5 -> 20 | G6: 小時/日 | I6: 備註- | J6: ='總表'!$K6 -> 20 | K6: 小時/日 | M6: 備註- | N6: ='總表'!$K7 -> 20 | O6: 小時/日 | Q6: 備註- | R6: ='總表'!$K8 -> 20 | S6: 小時/日 | U6: 備註- | V6: ='總表'!$K9 -> 20 | W6: 小時/日 | Y6: 備註- | Z6: ='總表'!$K10 -> 20 | AA6: 小時/日 | AC6: 備註- | AD6: ='總表'!K11 -> 20 | AE6: 小時/日
A7: 項目 月份 | B7: 抽水時間(hr) | C7: 水權引水量(cms) | D7: 抽水量(m³) | E7: 項目 月份 | F7: 抽水時間(hr) | G7: 水權引水量(cms) | H7: 抽水量(m³) | I7: 項目 月份 | J7: 抽水時間(hr) | K7: 水權引水量(cms) | L7: 抽水量(m³) | M7: 項目 月份 | N7: 抽水時間(hr) | O7: 水權引水量(cms) | P7: 抽水量(m³) | Q7: 項目 月份 | R7: 抽水時間(hr) | S7: 水權引水量(cms) | T7: 抽水量(m³) | U7: 項目 月份 | V7: 抽水時間(hr) | W7: 水權引水量(cms) | X7: 抽水量(m³) | Y7: 項目 月份 | Z7: 抽水時間(hr) | AA7: 水權引水量(cms) | AB7: 抽水量(m³) | AC7: 項目 月份 | AD7: 抽水時間(hr) | AE7: 水權引水量(cms) | AF7: 抽水量(m³)
A8: 1 | B8: 0 | C8: ='總表'!$J4 -> 0.0136 | D8: =IF(B8="","",B8*C8*3600) -> 0 | E8: 1 | F8: 2 | G8: ='總表'!$J5 -> 0.042 | H8: =IF(F8="","",F8*G8*3600) -> 302.4 | I8: 1 | J8: 2 | K8: ='總表'!$J6 -> 0.016 | L8: =IF(J8="","",J8*K8*3600) -> 115.2 | M8: 1 | N8: 2 | O8: ='總表'!$J7 -> 0.038 | P8: =IF(N8="","",N8*O8*3600) -> 273.6 | Q8: 1 | R8: 2 | S8: ='總表'!$J8 -> 0.03 | T8: =IF(R8="","",R8*S8*3600) -> 216 | U8: 1 | V8: 0 | W8: ='總表'!$J9 -> 0.035 | X8: =IF(V8="","",V8*W8*3600) -> 0 | Y8: 1 | Z8: 2 | AA8: ='總表'!$J10 -> 0.035 | AB8: =IF(Z8="","",Z8*AA8*3600) -> 252 | AC8: 1 | AD8: 0 | AE8: ='總表'!J11 -> 0.023 | AF8: =IF(AD8="","",AD8*AE8*3600) -> 0
A9: 2 | B9: 0 | C9: =C8 -> 0.0136 | D9: =IF(B9="","",B9*C9*3600) -> 0 | E9: 2 | F9: 144 | G9: =G8 -> 0.042 | H9: =IF(F9="","",F9*G9*3600) -> 21772.8 | I9: 2 | J9: 144 | K9: =K8 -> 0.016 | L9: =IF(J9="","",J9*K9*3600) -> 8294.4 | M9: 2 | N9: 144 | O9: =O8 -> 0.038 | P9: =IF(N9="","",N9*O9*3600) -> 19699.2 | Q9: 2 | R9: 126 | S9: =S8 -> 0.03 | T9: =IF(R9="","",R9*S9*3600) -> 13608 | U9: 2 | V9: 0 | W9: =W8 -> 0.035 | X9: =IF(V9="","",V9*W9*3600) -> 0 | Y9: 2 | Z9: 144 | AA9: =AA8 -> 0.035 | AB9: =IF(Z9="","",Z9*AA9*3600) -> 18144 | AC9: 2 | AD9: 0 | AE9: =AE8 -> 0.023 | AF9: =IF(AD9="","",AD9*AE9*3600) -> 0
A10: 3 | B10: 0 | C10: =C8 -> 0.0136 | D10: =IF(B10="","",B10*C10*3600) -> 0 | E10: 3 | F10: 255 | G10: =G8 -> 0.042 | H10: =IF(F10="","",F10*G10*3600) -> 38556 | I10: 3 | J10: 255 | K10: =K8 -> 0.016 | L10: =IF(J10="","",J10*K10*3600) -> 14688 | M10: 3 | N10: 145 | O10: =O8 -> 0.038 | P10: =IF(N10="","",N10*O10*3600) -> 19836 | Q10: 3 | R10: 104 | S10: =S8 -> 0.03 | T10: =IF(R10="","",R10*S10*3600) -> 11232 | U10: 3 | V10: 0 | W10: =W8 -> 0.035 | X10: =IF(V10="","",V10*W10*3600) -> 0 | Y10: 3 | Z10: 160 | AA10: =AA8 -> 0.035 | AB10: =IF(Z10="","",Z10*AA10*3600) -> 20160 | AC10: 3 | AD10: 0 | AE10: =AE8 -> 0.023 | AF10: =IF(AD10="","",AD10*AE10*3600) -> 0
A11: 4 | B11: 0 | C11: =C8 -> 0.0136 | D11: =IF(B11="","",B11*C11*3600) -> 0 | E11: 4 | F11: 110 | G11: =G8 -> 0.042 | H11: =IF(F11="","",F11*G11*3600) -> 16632 | I11: 4 | J11: 140 | K11: =K8 -> 0.016 | L11: =IF(J11="","",J11*K11*3600) -> 8064 | M11: 4 | N11: 48 | O11: =O8 -> 0.038 | P11: =IF(N11="","",N11*O11*3600) -> 6566.4 | Q11: 4 | R11: 48 | S11: =S8 -> 0.03 | T11: =IF(R11="","",R11*S11*3600) -> 5184 | U11: 4 | V11: 1 | W11: =W8 -> 0.035 | X11: =IF(V11="","",V11*W11*3600) -> 126 | Y11: 4 | Z11: 16 | AA11: =AA8 -> 0.035 | AB11: =IF(Z11="","",Z11*AA11*3600) -> 2016 | AC11: 4 | AD11: 0 | AE11: =AE8 -> 0.023 | AF11: =IF(AD11="","",AD11*AE11*3600) -> 0
A12: 5 | B12: 0 | C12: =C8 -> 0.0136 | D12: =IF(B12="","",B12*C12*3600) -> 0 | E12: 5 | F12: 120 | G12: =G8 -> 0.042 | H12: =IF(F12="","",F12*G12*3600) -> 18144 | I12: 5 | J12: 140 | K12: =K8 -> 0.016 | L12: =IF(J12="","",J12*K12*3600) -> 8064 | M12: 5 | N12: 8 | O12: =O8 -> 0.038 | P12: =IF(N12="","",N12*O12*3600) -> 1094.4 | Q12: 5 | R12: 0 | S12: =S8 -> 0.03 | T12: =IF(R12="","",R12*S12*3600) -> 0 | U12: 5 | V12: 5 | W12: =W8 -> 0.035 | X12: =IF(V12="","",V12*W12*3600) -> 630 | Y12: 5 | Z12: 21 | AA12: =AA8 -> 0.035 | AB12: =IF(Z12="","",Z12*AA12*3600) -> 2646 | AC12: 5 | AD12: 0 | AE12: =AE8 -> 0.023 | AF12: =IF(AD12="","",AD12*AE12*3600) -> 0
A13: 6 | B13: 0 | C13: =C8 -> 0.0136 | D13: =IF(B13="","",B13*C13*3600) -> 0 | E13: 6 | F13: 100 | G13: =G8 -> 0.042 | H13: =IF(F13="","",F13*G13*3600) -> 15120 | I13: 6 | J13: 110 | K13: =K8 -> 0.016 | L13: =IF(J13="","",J13*K13*3600) -> 6336 | M13: 6 | N13: 8 | O13: =O8 -> 0.038 | P13: =IF(N13="","",N13*O13*3600) -> 1094.4 | Q13: 6 | R13: 0 | S13: =S8 -> 0.03 | T13: =IF(R13="","",R13*S13*3600) -> 0 | U13: 6 | V13: 8 | W13: =W8 -> 0.035 | X13: =IF(V13="","",V13*W13*3600) -> 1008 | Y13: 6 | Z13: 24 | AA13: =AA8 -> 0.035 | AB13: =IF(Z13="","",Z13*AA13*3600) -> 3024 | AC13: 6 | AD13: 4 | AE13: =AE8 -> 0.023 | AF13: =IF(AD13="","",AD13*AE13*3600) -> 331.2
A14: 7 | B14: 0 | C14: =C8 -> 0.0136 | D14: =IF(B14="","",B14*C14*3600) -> 0 | E14: 7 | F14: 100 | G14: =G8 -> 0.042 | H14: =IF(F14="","",F14*G14*3600) -> 15120 | I14: 7 | J14: 110 | K14: =K8 -> 0.016 | L14: =IF(J14="","",J14*K14*3600) -> 6336 | M14: 7 | N14: 8 | O14: =O8 -> 0.038 | P14: =IF(N14="","",N14*O14*3600) -> 1094.4 | Q14: 7 | R14: 0 | S14: =S8 -> 0.03 | T14: =IF(R14="","",R14*S14*3600) -> 0 | U14: 7 | V14: 8 | W14: =W8 -> 0.035 | X14: =IF(V14="","",V14*W14*3600) -> 1008 | Y14: 7 | Z14: 120 | AA14: =AA8 -> 0.035 | AB14: =IF(Z14="","",Z14*AA14*3600) -> 15120 | AC14: 7 | AD14: 7 | AE14: =AE8 -> 0.023 | AF14: =IF(AD14="","",AD14*AE14*3600) -> 579.6
A15: 8 | C15: =C8 -> 0.0136 | D15: =IF(B15="","",B15*C15*3600) | E15: 8 | G15: =G8 -> 0.042 | H15: =IF(F15="","",F15*G15*3600) | I15: 8 | K15: =K8 -> 0.016 | L15: =IF(J15="","",J15*K15*3600) | M15: 8 | O15: =O8 -> 0.038 | P15: =IF(N15="","",N15*O15*3600) | Q15: 8 | S15: =S8 -> 0.03 | T15: =IF(R15="","",R15*S15*3600) | U15: 8 | W15: =W8 -> 0.035 | X15: =IF(V15="","",V15*W15*3600) | Y15: 8 | AA15: =AA8 -> 0.035 | AB15: =IF(Z15="","",Z15*AA15*3600) | AC15: 8 | AE15: =AE8 -> 0.023 | AF15: =IF(AD15="","",AD15*AE15*3600)
A16: 9 | C16: =C8 -> 0.0136 | D16: =IF(B16="","",B16*C16*3600) | E16: 9 | G16: =G8 -> 0.042 | H16: =IF(F16="","",F16*G16*3600) | I16: 9 | K16: =K8 -> 0.016 | L16: =IF(J16="","",J16*K16*3600) | M16: 9 | O16: =O8 -> 0.038 | P16: =IF(N16="","",N16*O16*3600) | Q16: 9 | S16: =S8 -> 0.03 | T16: =IF(R16="","",R16*S16*3600) | U16: 9 | W16: =W8 -> 0.035 | X16: =IF(V16="","",V16*W16*3600) | Y16: 9 | AA16: =AA8 -> 0.035 | AB16: =IF(Z16="","",Z16*AA16*3600) | AC16: 9 | AE16: =AE8 -> 0.023 | AF16: =IF(AD16="","",AD16*AE16*3600)
A17: 10 | C17: =C8 -> 0.0136 | D17: =IF(B17="","",B17*C17*3600) | E17: 10 | G17: =G8 -> 0.042 | H17: =IF(F17="","",F17*G17*3600) | I17: 10 | K17: =K8 -> 0.016 | L17: =IF(J17="","",J17*K17*3600) | M17: 10 | O17: =O8 -> 0.038 | P17: =IF(N17="","",N17*O17*3600) | Q17: 10 | S17: =S8 -> 0.03 | T17: =IF(R17="","",R17*S17*3600) | U17: 10 | W17: =W8 -> 0.035 | X17: =IF(V17="","",V17*W17*3600) | Y17: 10 | AA17: =AA8 -> 0.035 | AB17: =IF(Z17="","",Z17*AA17*3600) | AC17: 10 | AE17: =AE8 -> 0.023 | AF17: =IF(AD17="","",AD17*AE17*3600)
A18: 11 | C18: =C8 -> 0.0136 | D18: =IF(B18="","",B18*C18*3600) | E18: 11 | G18: =G8 -> 0.042 | H18: =IF(F18="","",F18*G18*3600) | I18: 11 | K18: =K8 -> 0.016 | L18: =IF(J18="","",J18*K18*3600) | M18: 11 | O18: =O8 -> 0.038 | P18: =IF(N18="","",N18*O18*3600) | Q18: 11 | S18: =S8 -> 0.03 | T18: =IF(R18="","",R18*S18*3600) | U18: 11 | W18: =W8 -> 0.035 | X18: =IF(V18="","",V18*W18*3600) | Y18: 11 | AA18: =AA8 -> 0.035 | AB18: =IF(Z18="","",Z18*AA18*3600) | AC18: 11 | AE18: =AE8 -> 0.023 | AF18: =IF(AD18="","",AD18*AE18*3600)
A19: 12 | C19: =C8 -> 0.0136 | D19: =IF(B19="","",B19*C19*3600) | E19: 12 | G19: =G8 -> 0.042 | H19: =IF(F19="","",F19*G19*3600) | I19: 12 | K19: =K8 -> 0.016 | L19: =IF(J19="","",J19*K19*3600) | M19: 12 | O19: =O8 -> 0.038 | P19: =IF(N19="","",N19*O19*3600) | Q19: 12 | S19: =S8 -> 0.03 | T19: =IF(R19="","",R19*S19*3600) | U19: 12 | W19: =W8 -> 0.035 | X19: =IF(V19="","",V19*W19*3600) | Y19: 12 | AA19: =AA8 -> 0.035 | AB19: =IF(Z19="","",Z19*AA19*3600) | AC19: 12 | AE19: =AE8 -> 0.023 | AF19: =IF(AD19="","",AD19*AE19*3600)
A20: 合計 | D20: =SUM(D8:D19) -> 0 | E20: 合計 | H20: =SUM(H8:H19) -> 125647.2 | I20: 合計 | L20: =SUM(L8:L19) -> 51897.6 | M20: 合計 | P20: =SUM(P8:P19) -> 49658.4 | Q20: 合計 | T20: =SUM(T8:T19) -> 30240 | U20: 合計 | X20: =SUM(X8:X19) -> 2772 | Y20: 合計 | AB20: =SUM(AB8:AB19) -> 61362 | AC20: 合計 | AF20: =SUM(AF8:AF19) -> 910.8

Sheet 泰安站
A1: 站別- | B1: 泰安 | E1: 站別- | F1: =$B$1 -> 泰安 | I1: 站別- | J1: =$B$1 -> 泰安 | M1: 站別- | N1: =$B$1 -> 泰安 | Q1: 站別- | R1: =$B$1 -> 泰安
A2: 年度別- | B2: ='卓蘭站'!B2 -> 115 | E2: 年度別- | F2: ='卓蘭站'!B2 -> 115 | I2: 年度別- | J2: ='卓蘭站'!B2 -> 115 | M2: 年度別- | N2: ='卓蘭站'!B2 -> 115 | Q2: 年度別- | R2: ='卓蘭站'!B2 -> 115
A3: 抽水井名稱- | B3: ='總表'!$C18 -> 新店圳一號抽水井 | E3: 抽水井名稱- | F3: ='總表'!$C19 -> 七公圳一號抽水井 | I3: 抽水井名稱- | J3: ='總表'!$C20 -> 七公圳二號抽水井 | M3: 抽水井名稱- | N3: ='總表'!C21 -> 新店圳二號抽水井 | Q3: 抽水井名稱- | R3: ='總表'!C22 -> 新店圳三號抽水井
A4: 水權狀號- | B4: ='總表'!$D18 -> B0130278 | E4: 水權狀號- | F4: ='總表'!$D19 -> B0130267 | I4: 水權狀號- | J4: ='總表'!$D20 -> B1040342 | M4: 水權狀號- | N4: ='總表'!D21 -> B1140020 | Q4: 水權狀號- | R4: ='總表'!D22 -> B1140033
A5: 核准年限- | B5: ='總表'!$E18 -> 1120201 | C5: ='總表'!$F18 -> 1170131 | E5: 核准年限- | F5: ='總表'!$E19 -> 1120201 | G5: ='總表'!$F19 -> 1170131 | I5: 核准年限- | J5: ='總表'!$E20 -> 1140624 | K5: ='總表'!$F20 -> 1190623 | M5: 核准年限- | N5: ='總表'!E21 -> 1140108 | O5: ='總表'!F21 -> 1190107 | Q5: 核准年限- | R5: ='總表'!E22 -> 1140120 | S5: ='總表'!F22 -> 1190119
A6: 備註- | B6: ='總表'!$K18 -> 20 | C6: 小時/日 | E6: 備註- | F6: ='總表'!$K19 -> 20 | G6: 小時/日 | I6: 備註- | J6: ='總表'!$K20 -> 8.15 | K6: 小時/日 | M6: 備註- | N6: ='總表'!K21 -> 4.6 | O6: 小時/日 | Q6: 備註- | R6: ='總表'!K22 -> 6.5 | S6: 小時/日
A7: 項目 月份 | B7: 抽水時間(hr) | C7: 水權引水量(cms) | D7: 抽水量(m³) | E7: 項目 月份 | F7: 抽水時間(hr) | G7: 水權引水量(cms) | H7: 抽水量(m³) | I7: 項目 月份 | J7: 抽水時間(hr) | K7: 水權引水量(cms) | L7: 抽水量(m³) | M7: 項目 月份 | N7: 抽水時間(hr) | O7: 水權引水量(cms) | P7: 抽水量(m³) | Q7: 項目 月份 | R7: 抽水時間(hr) | S7: 水權引水量(cms) | T7: 抽水量(m³)
A8: 1 | B8: 7 | C8: ='總表'!$J18 -> 0.076 | D8: =IF(B8="","",B8*C8*3600) -> 1915.2 | E8: 1 | F8: 29 | G8: ='總表'!$J19 -> 0.076 | H8: =IF(F8="","",F8*G8*3600) -> 7934.4 | I8: 1 | J8: 33 | K8: ='總表'!J20 -> 0.0482 | L8: =IF(J8="","",J8*K8*3600) -> 5726.16 | M8: 1 | N8: 0 | O8: ='總表'!J21 -> 0.032 | P8: =IF(N8="","",N8*O8*3600) -> 0 | Q8: 1 | R8: 0 | S8: ='總表'!J22 -> 0.028 | T8: =IF(R8="","",R8*S8*3600) -> 0
A9: 2 | B9: 76 | C9: =C8 -> 0.076 | D9: =IF(B9="","",B9*C9*3600) -> 20793.6 | E9: 2 | F9: 232 | G9: =G8 -> 0.076 | H9: =IF(F9="","",F9*G9*3600) -> 63475.2 | I9: 2 | J9: 232 | K9: =K8 -> 0.0482 | L9: =IF(J9="","",J9*K9*3600) -> 40256.64 | M9: 2 | N9: 30 | O9: =O8 -> 0.032 | P9: =IF(N9="","",N9*O9*3600) -> 3456 | Q9: 2 | R9: 30 | S9: =S8 -> 0.028 | T9: =IF(R9="","",R9*S9*3600) -> 3024
A10: 3 | B10: 744 | C10: =C8 -> 0.076 | D10: =IF(B10="","",B10*C10*3600) -> 203558.4 | E10: 3 | F10: 515 | G10: =G8 -> 0.076 | H10: =IF(F10="","",F10*G10*3600) -> 140904 | I10: 3 | J10: 686.5 | K10: =K8 -> 0.0482 | L10: =IF(J10="","",J10*K10*3600) -> 119121.48 | M10: 3 | N10: 591 | O10: =O8 -> 0.032 | P10: =IF(N10="","",N10*O10*3600) -> 68083.2 | Q10: 3 | R10: 591 | S10: =S8 -> 0.028 | T10: =IF(R10="","",R10*S10*3600) -> 59572.8
A11: 4 | B11: 265 | C11: =C8 -> 0.076 | D11: =IF(B11="","",B11*C11*3600) -> 72504 | E11: 4 | F11: 173 | G11: =G8 -> 0.076 | H11: =IF(F11="","",F11*G11*3600) -> 47332.8 | I11: 4 | J11: 229 | K11: =K8 -> 0.0482 | L11: =IF(J11="","",J11*K11*3600) -> 39736.08 | M11: 4 | N11: 265 | O11: =O8 -> 0.032 | P11: =IF(N11="","",N11*O11*3600) -> 30528 | Q11: 4 | R11: 265 | S11: =S8 -> 0.028 | T11: =IF(R11="","",R11*S11*3600) -> 26712
A12: 5 | B12: 414 | C12: =C8 -> 0.076 | D12: =IF(B12="","",B12*C12*3600) -> 113270.4 | E12: 5 | F12: 336 | G12: =G8 -> 0.076 | H12: =IF(F12="","",F12*G12*3600) -> 91929.6 | I12: 5 | J12: 336 | K12: =K8 -> 0.0482 | L12: =IF(J12="","",J12*K12*3600) -> 58302.72 | M12: 5 | N12: 361 | O12: =O8 -> 0.032 | P12: =IF(N12="","",N12*O12*3600) -> 41587.2 | Q12: 5 | R12: 361 | S12: =S8 -> 0.028 | T12: =IF(R12="","",R12*S12*3600) -> 36388.8
A13: 6 | B13: 14 | C13: =C8 -> 0.076 | D13: =IF(B13="","",B13*C13*3600) -> 3830.4 | E13: 6 | F13: 48 | G13: =G8 -> 0.076 | H13: =IF(F13="","",F13*G13*3600) -> 13132.8 | I13: 6 | J13: 48 | K13: =K8 -> 0.0482 | L13: =IF(J13="","",J13*K13*3600) -> 8328.96 | M13: 6 | N13: 115 | O13: =O8 -> 0.032 | P13: =IF(N13="","",N13*O13*3600) -> 13248 | Q13: 6 | R13: 115 | S13: =S8 -> 0.028 | T13: =IF(R13="","",R13*S13*3600) -> 11592
A14: 7 | B14: 0 | C14: =C8 -> 0.076 | D14: =IF(B14="","",B14*C14*3600) -> 0 | E14: 7 | F14: 0 | G14: =G8 -> 0.076 | H14: =IF(F14="","",F14*G14*3600) -> 0 | I14: 7 | J14: 0 | K14: =K8 -> 0.0482 | L14: =IF(J14="","",J14*K14*3600) -> 0 | M14: 7 | N14: 0 | O14: =O8 -> 0.032 | P14: =IF(N14="","",N14*O14*3600) -> 0 | Q14: 7 | R14: 0 | S14: =S8 -> 0.028 | T14: =IF(R14="","",R14*S14*3600) -> 0
A15: 8 | C15: =C8 -> 0.076 | D15: =IF(B15="","",B15*C15*3600) | E15: 8 | G15: =G8 -> 0.076 | H15: =IF(F15="","",F15*G15*3600) | I15: 8 | K15: =K8 -> 0.0482 | L15: =IF(J15="","",J15*K15*3600) | M15: 8 | O15: =O8 -> 0.032 | P15: =IF(N15="","",N15*O15*3600) | Q15: 8 | S15: =S8 -> 0.028 | T15: =IF(R15="","",R15*S15*3600)
A16: 9 | C16: =C8 -> 0.076 | D16: =IF(B16="","",B16*C16*3600) | E16: 9 | G16: =G8 -> 0.076 | H16: =IF(F16="","",F16*G16*3600) | I16: 9 | K16: =K8 -> 0.0482 | L16: =IF(J16="","",J16*K16*3600) | M16: 9 | O16: =O8 -> 0.032 | P16: =IF(N16="","",N16*O16*3600) | Q16: 9 | S16: =S8 -> 0.028 | T16: =IF(R16="","",R16*S16*3600)
A17: 10 | C17: =C8 -> 0.076 | D17: =IF(B17="","",B17*C17*3600) | E17: 10 | G17: =G8 -> 0.076 | H17: =IF(F17="","",F17*G17*3600) | I17: 10 | K17: =K8 -> 0.0482 | L17: =IF(J17="","",J17*K17*3600) | M17: 10 | O17: =O8 -> 0.032 | P17: =IF(N17="","",N17*O17*3600) | Q17: 10 | S17: =S8 -> 0.028 | T17: =IF(R17="","",R17*S17*3600)
A18: 11 | C18: =C8 -> 0.076 | D18: =IF(B18="","",B18*C18*3600) | E18: 11 | G18: =G8 -> 0.076 | H18: =IF(F18="","",F18*G18*3600) | I18: 11 | K18: =K8 -> 0.0482 | L18: =IF(J18="","",J18*K18*3600) | M18: 11 | O18: =O8 -> 0.032 | P18: =IF(N18="","",N18*O18*3600) | Q18: 11 | S18: =S8 -> 0.028 | T18: =IF(R18="","",R18*S18*3600)
A19: 12 | C19: =C8 -> 0.076 | D19: =IF(B19="","",B19*C19*3600) | E19: 12 | G19: =G8 -> 0.076 | H19: =IF(F19="","",F19*G19*3600) | I19: 12 | K19: =K8 -> 0.0482 | L19: =IF(J19="","",J19*K19*3600) | M19: 12 | O19: =O8 -> 0.032 | P19: =IF(N19="","",N19*O19*3600) | Q19: 12 | S19: =S8 -> 0.028 | T19: =IF(R19="","",R19*S19*3600)
A20: 合計 | D20: =SUM(D8:D19) -> 415872 | E20: 合計 | H20: =SUM(H8:H19) -> 364708.8 | I20: 合計 | L20: =SUM(L8:L19) -> 271472.04 | M20: 合計 | P20: =SUM(P8:P19) -> 156902.4 | Q20: 合計 | T20: =SUM(T8:T19) -> 137289.6

Sheet 屯子腳站
A1: 站別- | B1: 屯子腳 | E1: 站別- | F1: =$B$1 -> 屯子腳 | I1: 站別- | J1: =$B$1 -> 屯子腳 | M1: 站別- | N1: =$B$1 -> 屯子腳 | Q1: 站別- | R1: =$B$1 -> 屯子腳
A2: 年度別- | B2: ='卓蘭站'!B2 -> 115 | E2: 年度別- | F2: ='卓蘭站'!B2 -> 115 | I2: 年度別- | J2: ='卓蘭站'!B2 -> 115 | M2: 年度別- | N2: ='卓蘭站'!B2 -> 115 | Q2: 年度別- | R2: ='卓蘭站'!B2 -> 115
A3: 抽水井名稱- | B3: ='總表'!$C23 -> 內埔圳一號抽水井 | E3: 抽水井名稱- | F3: ='總表'!$C24 -> 內埔圳二號抽水井 | I3: 抽水井名稱- | J3: ='總表'!$C25 -> 內埔圳二支線一號抽水井 | M3: 抽水井名稱- | N3: ='總表'!$C26 -> 內埔圳二支線二號抽水井 | Q3: 抽水井名稱- | R3: ='總表'!$C27 -> 內埔圳梅仔腳溝支線水井
A4: 水權狀號- | B4: ='總表'!$D23 -> B0970028 | E4: 水權狀號- | F4: ='總表'!$D24 -> B0970027 | I4: 水權狀號- | J4: ='總表'!$D25 -> B1070014 | M4: 水權狀號- | N4: ='總表'!$D26 -> B1100760 | Q4: 水權狀號- | R4: ='總表'!$D27 -> B1140111
A5: 核准年限- | B5: ='總表'!$E23 -> 1120801 | C5: ='總表'!$F23 -> 1170731 | E5: 核准年限- | F5: ='總表'!$E24 -> 1120801 | G5: ='總表'!$F24 -> 1170731 | I5: 核准年限- | J5: ='總表'!$E25 -> 1120125 | K5: ='總表'!$F25 -> 1170124 | M5: 核准年限- | N5: ='總表'!$E26 -> 1101115 | O5: ='總表'!$F26 -> 1151114 | Q5: 核准年限- | R5: ='總表'!$E27 -> 1140513 | S5: ='總表'!$F27 -> 1190512
A6: 備註- | B6: ='總表'!$K23 -> 7 | C6: 小時/日 | E6: 備註- | F6: ='總表'!$K24 -> 10 | G6: 小時/日 | I6: 備註- | J6: ='總表'!$K25 -> 7 | K6: 小時/日 | M6: 備註- | N6: ='總表'!$K26 -> 12 | O6: 小時/日 | Q6: 備註- | R6: ='總表'!$K27 -> 4 | S6: 小時/日
A7: 項目 月份 | B7: 抽水時間(hr) | C7: 水權引水量(cms) | D7: 抽水量(m³) | E7: 項目 月份 | F7: 抽水時間(hr) | G7: 水權引水量(cms) | H7: 抽水量(m³) | I7: 項目 月份 | J7: 抽水時間(hr) | K7: 水權引水量(cms) | L7: 抽水量(m³) | M7: 項目 月份 | N7: 抽水時間(hr) | O7: 水權引水量(cms) | P7: 抽水量(m³) | Q7: 項目 月份 | R7: 抽水時間(hr) | S7: 水權引水量(cms) | T7: 抽水量(m³)
A8: 1 | B8: 0 | C8: ='總表'!$J23 -> 0.075 | D8: =IF(B8="","",B8*C8*3600) -> 0 | E8: 1 | F8: 0 | G8: ='總表'!$J24 -> 0.035 | H8: =IF(F8="","",F8*G8*3600) -> 0 | I8: 1 | J8: 0 | K8: ='總表'!$J25 -> 0.0286 | L8: =IF(J8="","",J8*K8*3600) -> 0 | M8: 1 | N8: 0 | O8: ='總表'!$J26 -> 0.039 | P8: =IF(N8="","",N8*O8*3600) -> 0 | Q8: 1 | R8: 0 | S8: ='總表'!$J27 -> 0.07 | T8: =IF(R8="","",R8*S8*3600) -> 0
A9: 2 | B9: 0 | C9: =C8 -> 0.075 | D9: =IF(B9="","",B9*C9*3600) -> 0 | E9: 2 | F9: 0 | G9: =G8 -> 0.035 | H9: =IF(F9="","",F9*G9*3600) -> 0 | I9: 2 | J9: 0 | K9: =K8 -> 0.0286 | L9: =IF(J9="","",J9*K9*3600) -> 0 | M9: 2 | N9: 0 | O9: =O8 -> 0.039 | P9: =IF(N9="","",N9*O9*3600) -> 0 | Q9: 2 | R9: 0 | S9: =S8 -> 0.07 | T9: =IF(R9="","",R9*S9*3600) -> 0
A10: 3 | B10: 47.5 | C10: =C8 -> 0.075 | D10: =IF(B10="","",B10*C10*3600) -> 12825 | E10: 3 | F10: 80.5 | G10: =G8 -> 0.035 | H10: =IF(F10="","",F10*G10*3600) -> 10143 | I10: 3 | J10: 61 | K10: =K8 -> 0.0286 | L10: =IF(J10="","",J10*K10*3600) -> 6280.56 | M10: 3 | N10: 101 | O10: =O8 -> 0.039 | P10: =IF(N10="","",N10*O10*3600) -> 14180.4 | Q10: 3 | R10: 21 | S10: =S8 -> 0.07 | T10: =IF(R10="","",R10*S10*3600) -> 5292
A11: 4 | B11: 62 | C11: =C8 -> 0.075 | D11: =IF(B11="","",B11*C11*3600) -> 16740 | E11: 4 | F11: 32 | G11: =G8 -> 0.035 | H11: =IF(F11="","",F11*G11*3600) -> 4032 | I11: 4 | J11: 78 | K11: =K8 -> 0.0286 | L11: =IF(J11="","",J11*K11*3600) -> 8030.88 | M11: 4 | N11: 101 | O11: =O8 -> 0.039 | P11: =IF(N11="","",N11*O11*3600) -> 14180.4 | Q11: 4 | R11: 50 | S11: =S8 -> 0.07 | T11: =IF(R11="","",R11*S11*3600) -> 12600
A12: 5 | B12: 0 | C12: =C8 -> 0.075 | D12: =IF(B12="","",B12*C12*3600) -> 0 | E12: 5 | F12: 24 | G12: =G8 -> 0.035 | H12: =IF(F12="","",F12*G12*3600) -> 3024 | I12: 5 | J12: 51.5 | K12: =K8 -> 0.0286 | L12: =IF(J12="","",J12*K12*3600) -> 5302.44 | M12: 5 | N12: 67 | O12: =O8 -> 0.039 | P12: =IF(N12="","",N12*O12*3600) -> 9406.8 | Q12: 5 | R12: 43.5 | S12: =S8 -> 0.07 | T12: =IF(R12="","",R12*S12*3600) -> 10962
A13: 6 | B13: 0 | C13: =C8 -> 0.075 | D13: =IF(B13="","",B13*C13*3600) -> 0 | E13: 6 | F13: 0 | G13: =G8 -> 0.035 | H13: =IF(F13="","",F13*G13*3600) -> 0 | I13: 6 | J13: 44 | K13: =K8 -> 0.0286 | L13: =IF(J13="","",J13*K13*3600) -> 4530.24 | M13: 6 | N13: 44 | O13: =O8 -> 0.039 | P13: =IF(N13="","",N13*O13*3600) -> 6177.6 | Q13: 6 | R13: 18.5 | S13: =S8 -> 0.07 | T13: =IF(R13="","",R13*S13*3600) -> 4662
A14: 7 | B14: 0 | C14: =C8 -> 0.075 | D14: =IF(B14="","",B14*C14*3600) -> 0 | E14: 7 | F14: 0 | G14: =G8 -> 0.035 | H14: =IF(F14="","",F14*G14*3600) -> 0 | I14: 7 | J14: 0 | K14: =K8 -> 0.0286 | L14: =IF(J14="","",J14*K14*3600) -> 0 | M14: 7 | N14: 13 | O14: =O8 -> 0.039 | P14: =IF(N14="","",N14*O14*3600) -> 1825.2 | Q14: 7 | R14: 0 | S14: =S8 -> 0.07 | T14: =IF(R14="","",R14*S14*3600) -> 0
A15: 8 | C15: =C8 -> 0.075 | D15: =IF(B15="","",B15*C15*3600) | E15: 8 | G15: =G8 -> 0.035 | H15: =IF(F15="","",F15*G15*3600) | I15: 8 | K15: =K8 -> 0.0286 | L15: =IF(J15="","",J15*K15*3600) | M15: 8 | O15: =O8 -> 0.039 | P15: =IF(N15="","",N15*O15*3600) | Q15: 8 | S15: =S8 -> 0.07 | T15: =IF(R15="","",R15*S15*3600)
A16: 9 | C16: =C8 -> 0.075 | D16: =IF(B16="","",B16*C16*3600) | E16: 9 | G16: =G8 -> 0.035 | H16: =IF(F16="","",F16*G16*3600) | I16: 9 | K16: =K8 -> 0.0286 | L16: =IF(J16="","",J16*K16*3600) | M16: 9 | O16: =O8 -> 0.039 | P16: =IF(N16="","",N16*O16*3600) | Q16: 9 | S16: =S8 -> 0.07 | T16: =IF(R16="","",R16*S16*3600)
A17: 10 | C17: =C8 -> 0.075 | D17: =IF(B17="","",B17*C17*3600) | E17: 10 | G17: =G8 -> 0.035 | H17: =IF(F17="","",F17*G17*3600) | I17: 10 | K17: =K8 -> 0.0286 | L17: =IF(J17="","",J17*K17*3600) | M17: 10 | O17: =O8 -> 0.039 | P17: =IF(N17="","",N17*O17*3600) | Q17: 10 | S17: =S8 -> 0.07 | T17: =IF(R17="","",R17*S17*3600)
A18: 11 | C18: =C8 -> 0.075 | D18: =IF(B18="","",B18*C18*3600) | E18: 11 | G18: =G8 -> 0.035 | H18: =IF(F18="","",F18*G18*3600) | I18: 11 | K18: =K8 -> 0.0286 | L18: =IF(J18="","",J18*K18*3600) | M18: 11 | O18: =O8 -> 0.039 | P18: =IF(N18="","",N18*O18*3600) | Q18: 11 | S18: =S8 -> 0.07 | T18: =IF(R18="","",R18*S18*3600)
A19: 12 | C19: =C8 -> 0.075 | D19: =IF(B19="","",B19*C19*3600) | E19: 12 | G19: =G8 -> 0.035 | H19: =IF(F19="","",F19*G19*3600) | I19: 12 | K19: =K8 -> 0.0286 | L19: =IF(J19="","",J19*K19*3600) | M19: 12 | O19: =O8 -> 0.039 | P19: =IF(N19="","",N19*O19*3600) | Q19: 12 | S19: =S8 -> 0.07 | T19: =IF(R19="","",R19*S19*3600)
A20: 合計 | D20: =SUM(D8:D19) -> 29565 | E20: 合計 | H20: =SUM(H8:H19) -> 17199 | I20: 合計 | L20: =SUM(L8:L19) -> 24144.12 | M20: 合計 | P20: =SUM(P8:P19) -> 45770.4 | Q20: 合計 | T20: =SUM(T8:T19) -> 33516

Sheet 月眉站
A1: 站別- | B1: 月眉 | E1: 站別- | F1: =$B$1 -> 月眉 | I1: 站別- | J1: =$B$1 -> 月眉 | M1: 站別- | N1: =$B$1 -> 月眉 | Q1: 站別- | R1: =$B$1 -> 月眉 | U1: 站別- | V1: =$B$1 -> 月眉 | Y1: 站別- | Z1: =$B$1 -> 月眉 | AC1: 站別- | AD1: =$B$1 -> 月眉 | AG1: 站別- | AH1: =$B$1 -> 月眉 | AK1: 站別- | AL1: =$B$1 -> 月眉 | AO1: 站別- | AP1: =$B$1 -> 月眉 | AS1: 站別- | AT1: =$B$1 -> 月眉 | AW1: 站別- | AX1: =$B$1 -> 月眉 | BA1: 站別- | BB1: =$B$1 -> 月眉 | BE1: 站別- | BF1: =$B$1 -> 月眉 | BI1: 站別- | BJ1: =$B$1 -> 月眉 | BM1: 站別- | BN1: =$B$1 -> 月眉
A2: 年度別- | B2: ='卓蘭站'!B2 -> 115 | E2: 年度別- | F2: ='卓蘭站'!B2 -> 115 | I2: 年度別- | J2: ='卓蘭站'!B2 -> 115 | M2: 年度別- | N2: ='卓蘭站'!B2 -> 115 | Q2: 年度別- | R2: ='卓蘭站'!B2 -> 115 | U2: 年度別- | V2: ='卓蘭站'!B2 -> 115 | Y2: 年度別- | Z2: ='卓蘭站'!B2 -> 115 | AC2: 年度別- | AD2: ='卓蘭站'!B2 -> 115 | AG2: 年度別- | AH2: ='卓蘭站'!B2 -> 115 | AK2: 年度別- | AL2: ='卓蘭站'!B2 -> 115 | AO2: 年度別- | AP2: ='卓蘭站'!B2 -> 115 | AS2: 年度別- | AT2: ='卓蘭站'!B2 -> 115 | AW2: 年度別- | AX2: ='卓蘭站'!B2 -> 115 | BA2: 年度別- | BB2: ='卓蘭站'!B2 -> 115 | BE2: 年度別- | BF2: ='卓蘭站'!B2 -> 115 | BI2: 年度別- | BJ2: ='卓蘭站'!B2 -> 115 | BM2: 年度別- | BN2: ='卓蘭站'!B2 -> 115
A3: 抽水井名稱- | B3: ='總表'!$C36 -> 后里圳幹線抽水井 | E3: 抽水井名稱- | F3: ='總表'!$C37 -> 月眉站舊辦公廳地下水抽水井 | I3: 抽水井名稱- | J3: ='總表'!$C38 -> 后里圳月眉排水補給抽水井 | M3: 抽水井名稱- | N3: ='總表'!$C39 -> 后里圳三支線上游補給抽水井 | Q3: 抽水井名稱- | R3: ='總表'!$C40 -> 后里圳三支線中游補給抽水井 | U3: 抽水井名稱- | V3: ='總表'!$C41 -> 后里圳三支線中游二號抽水井 | Y3: 抽水井名稱- | Z3: ='總表'!$C42 -> 后里圳三支線下游補給抽水井 | AC3: 抽水井名稱- | AD3: ='總表'!$C43 -> 后里圳三支線下游二號抽水井 | AG3: 抽水井名稱- | AH3: ='總表'!$C44 -> 后里圳四支線中下游抽水井 | AK3: 抽水井名稱- | AL3: ='總表'!$C45 -> 后里圳五支線補給抽水井 | AO3: 抽水井名稱- | AP3: ='總表'!$C46 -> 后里圳五支線中下游抽水井 | AS3: 抽水井名稱- | AT3: ='總表'!$C47 -> 后里圳五支線下游抽水井 | AW3: 抽水井名稱- | AX3: ='總表'!$C48 -> 后里圳五支線之一上游補給抽水井 | BA3: 抽水井名稱- | BB3: ='總表'!$C49 -> 后里圳五支線之一下游補給抽水井 | BE3: 抽水井名稱- | BF3: ='總表'!$C50 -> 后里圳五支線之一延長線補給抽水井 | BI3: 抽水井名稱- | BJ3: ='總表'!$C51 -> 后里圳五支線之一延長線上游抽水井 | BM3: 抽水井名稱- | BN3: ='總表'!$C52 -> 后里圳五支線之一延長線下游抽水井
A4: 水權狀號- | B4: ='總表'!$D36 -> B1090023 | E4: 水權狀號- | F4: ='總表'!$D37 -> B0130304 | I4: 水權狀號- | J4: ='總表'!$D38 -> B1070176 | M4: 水權狀號- | N4: ='總表'!$D39 -> B1060117 | Q4: 水權狀號- | R4: ='總表'!$D40 -> B1040345 | U4: 水權狀號- | V4: ='總表'!$D41 -> B1100675 | Y4: 水權狀號- | Z4: ='總表'!$D42 -> B1030025 | AC4: 水權狀號- | AD4: ='總表'!$D43 -> B1090151 | AG4: 水權狀號- | AH4: ='總表'!$D44 -> B1050164 | AK4: 水權狀號- | AL4: ='總表'!$D45 -> B1080096 | AO4: 水權狀號- | AP4: ='總表'!$D46 -> B1050034 | AS4: 水權狀號- | AT4: ='總表'!$D47 -> B1090135 | AW4: 水權狀號- | AX4: ='總表'!$D48 -> B1070175 | BA4: 水權狀號- | BB4: ='總表'!$D49 -> B1030009 | BE4: 水權狀號- | BF4: ='總表'!$D50 -> B1060151 | BI4: 水權狀號- | BJ4: ='總表'!$D51 -> B1100662 | BM4: 水權狀號- | BN4: ='總表'!$D52 -> B1090031
A5: 核准年限- | B5: ='總表'!$E36 -> 1140301 | C5: ='總表'!$F36 -> 1190228 | E5: 核准年限- | F5: ='總表'!$E37 -> 1120301 | G5: ='總表'!$F37 -> 1170229 | I5: 核准年限- | J5: ='總表'!$E38 -> 1120921 | K5: ='總表'!$F38 -> 1170920 | M5: 核准年限- | N5: ='總表'!$E39 -> 1111023 | O5: ='總表'!$F39 -> 1161022 | Q5: 核准年限- | R5: ='總表'!$E40 -> 1140702 | S5: ='總表'!$F40 -> 1190701 | U5: 核准年限- | V5: ='總表'!$E41 -> 1150920 | W5: ='總表'!$F41 -> 1200919 | Y5: 核准年限- | Z5: ='總表'!$E42 -> 1130331 | AA5: ='總表'!$F42 -> 1180330 | AC5: 核准年限- | AD5: ='總表'!$E43 -> 1141023 | AE5: ='總表'!$F43 -> 1191022 | AG5: 核准年限- | AH5: ='總表'!$E44 -> 1110110 | AI5: ='總表'!$F44 -> 1160109 | AK5: 核准年限- | AL5: ='總表'!$E45 -> 1130523 | AM5: ='總表'!$F45 -> 1180522 | AO5: 核准年限- | AP5: ='總表'!$E46 -> 1150510 | AQ5: ='總表'!$F46 -> 1200509 | AS5: 核准年限- | AT5: ='總表'!$E47 -> 1140925 | AU5: ='總表'!$F47 -> 1190924 | AW5: 核准年限- | AX5: ='總表'!$E48 -> 1120925 | AY5: ='總表'!$F48 -> 1170924 | BA5: 核准年限- | BB5: ='總表'!$E49 -> 1130307 | BC5: ='總表'!$F49 -> 1180306 | BE5: 核准年限- | BF5: ='總表'!$E50 -> 1111211 | BG5: ='總表'!$F50 -> 1161210 | BI5: 核准年限- | BJ5: ='總表'!$E51 -> 1150825 | BK5: ='總表'!$F51 -> 1200824 | BM5: 核准年限- | BN5: ='總表'!$E52 -> 1140304 | BO5: ='總表'!$F52 -> 1190303
A6: 備註- | B6: ='總表'!$K36 -> 7 | C6: 小時/日 | E6: 備註- | F6: ='總表'!$K37 -> 10 | G6: 小時/日 | I6: 備註- | J6: ='總表'!$K38 -> 6.5 | K6: 小時/日 | M6: 備註- | N6: ='總表'!$K39 -> 12 | O6: 小時/日 | Q6: 備註- | R6: ='總表'!$K40 -> 16 | S6: 小時/日 | U6: 備註- | V6: ='總表'!$K41 -> 6 | W6: 小時/日 | Y6: 備註- | Z6: ='總表'!$K42 -> 13 | AA6: 小時/日 | AC6: 備註- | AD6: ='總表'!$K43 -> 6.7 | AE6: 小時/日 | AG6: 備註- | AH6: ='總表'!$K44 -> 17 | AI6: 小時/日 | AK6: 備註- | AL6: ='總表'!$K45 -> 13 | AM6: 小時/日 | AO6: 備註- | AP6: ='總表'!$K46 -> 5.2 | AQ6: 小時/日 | AS6: 備註- | AT6: ='總表'!$K47 -> 12 | AU6: 小時/日 | AW6: 備註- | AX6: ='總表'!$K48 -> 6.5 | AY6: 小時/日 | BA6: 備註- | BB6: ='總表'!$K49 -> 3 | BC6: 小時/日 | BE6: 備註- | BF6: ='總表'!$K50 -> 11 | BG6: 小時/日 | BI6: 備註- | BJ6: ='總表'!$K51 -> 11 | BK6: 小時/日 | BM6: 備註- | BN6: ='總表'!$K52 -> 3 | BO6: 小時/日
A7: 項目 月份 | B7: 抽水時間(hr) | C7: 水權引水量(cms) | D7: 抽水量(m³) | E7: 項目 月份 | F7: 抽水時間(hr) | G7: 水權引水量(cms) | H7: 抽水量(m³) | I7: 項目 月份 | J7: 抽水時間(hr) | K7: 水權引水量(cms) | L7: 抽水量(m³) | M7: 項目 月份 | N7: 抽水時間(hr) | O7: 水權引水量(cms) | P7: 抽水量(m³) | Q7: 項目 月份 | R7: 抽水時間(hr) | S7: 水權引水量(cms) | T7: 抽水量(m³) | U7: 項目 月份 | V7: 抽水時間(hr) | W7: 水權引水量(cms) | X7: 抽水量(m³) | Y7: 項目 月份 | Z7: 抽水時間(hr) | AA7: 水權引水量(cms) | AB7: 抽水量(m³) | AC7: 項目 月份 | AD7: 抽水時間(hr) | AE7: 水權引水量(cms) | AF7: 抽水量(m³) | AG7: 項目 月份 | AH7: 抽水時間(hr) | AI7: 水權引水量(cms) | AJ7: 抽水量(m³) | AK7: 項目 月份 | AL7: 抽水時間(hr) | AM7: 水權引水量(cms) | AN7: 抽水量(m³) | AO7: 項目 月份 | AP7: 抽水時間(hr) | AQ7: 水權引水量(cms) | AR7: 抽水量(m³) | AS7: 項目 月份 | AT7: 抽水時間(hr) | AU7: 水權引水量(cms) | AV7: 抽水量(m³) | AW7: 項目 月份 | AX7: 抽水時間(hr) | AY7: 水權引水量(cms) | AZ7: 抽水量(m³) | BA7: 項目 月份 | BB7: 抽水時間(hr) | BC7: 水權引水量(cms) | BD7: 抽水量(m³) | BE7: 項目 月份 | BF7: 抽水時間(hr) | BG7: 水權引水量(cms) | BH7: 抽水量(m³) | BI7: 項目 月份 | BJ7: 抽水時間(hr) | BK7: 水權引水量(cms) | BL7: 抽水量(m³) | BM7: 項目 月份 | BN7: 抽水時間(hr) | BO7: 水權引水量(cms) | BP7: 抽水量(m³)
A8: 1 | B8: 40 | C8: ='總表'!$J36 -> 0.033 | D8: =IF(B8="","",B8*C8*3600) -> 4752 | E8: 1 | F8: 0 | G8: ='總表'!$J37 -> 0.009 | H8: =IF(F8="","",F8*G8*3600) -> 0 | I8: 1 | J8: 30 | K8: ='總表'!$J38 -> 0.034 | L8: =IF(J8="","",J8*K8*3600) -> 3672 | M8: 1 | N8: 80 | O8: ='總表'!$J39 -> 0.036 | P8: =IF(N8="","",N8*O8*3600) -> 10368 | Q8: 1 | R8: 0 | S8: ='總表'!$J40 -> 0.033 | T8: =IF(R8="","",R8*S8*3600) -> 0 | U8: 1 | V8: 30 | W8: ='總表'!$J41 -> 0.0344 | X8: =IF(V8="","",V8*W8*3600) -> 3715.2 | Y8: 1 | Z8: 45 | AA8: ='總表'!$J42 -> 0.032 | AB8: =IF(Z8="","",Z8*AA8*3600) -> 5184 | AC8: 1 | AD8: 45 | AE8: ='總表'!$J43 -> 0.0277 | AF8: =IF(AD8="","",AD8*AE8*3600) -> 4487.4 | AG8: 1 | AH8: 0 | AI8: ='總表'!$J44 -> 0.0282 | AJ8: =IF(AH8="","",AH8*AI8*3600) -> 0 | AK8: 1 | AL8: 96 | AM8: ='總表'!$J45 -> 0.0359 | AN8: =IF(AL8="","",AL8*AM8*3600) -> 12407.04 | AO8: 1 | AP8: 48 | AQ8: ='總表'!$J46 -> 0.0243 | AR8: =IF(AP8="","",AP8*AQ8*3600) -> 4199.04 | AS8: 1 | AT8: 36 | AU8: ='總表'!$J47 -> 0.037 | AV8: =IF(AT8="","",AT8*AU8*3600) -> 4795.2 | AW8: 1 | AX8: 48 | AY8: ='總表'!$J48 -> 0.0263 | AZ8: =IF(AX8="","",AX8*AY8*3600) -> 4544.64 | BA8: 1 | BB8: 36 | BC8: ='總表'!$J49 -> 0.034 | BD8: =IF(BB8="","",BB8*BC8*3600) -> 4406.4 | BE8: 1 | BF8: 24 | BG8: ='總表'!$J50 -> 0.0123 | BH8: =IF(BF8="","",BF8*BG8*3600) -> 1062.72 | BI8: 1 | BJ8: 12 | BK8: ='總表'!$J51 -> 0.025 | BL8: =IF(BJ8="","",BJ8*BK8*3600) -> 1080 | BM8: 1 | BN8: 8 | BO8: ='總表'!$J52 -> 0.0336 | BP8: =IF(BN8="","",BN8*BO8*3600) -> 967.68
A9: 2 | B9: 0 | C9: =C8 -> 0.033 | D9: =IF(B9="","",B9*C9*3600) -> 0 | E9: 2 | F9: 0 | G9: =G8 -> 0.009 | H9: =IF(F9="","",F9*G9*3600) -> 0 | I9: 2 | J9: 30 | K9: =K8 -> 0.034 | L9: =IF(J9="","",J9*K9*3600) -> 3672 | M9: 2 | N9: 50 | O9: =O8 -> 0.036 | P9: =IF(N9="","",N9*O9*3600) -> 6480 | Q9: 2 | R9: 0 | S9: =S8 -> 0.033 | T9: =IF(R9="","",R9*S9*3600) -> 0 | U9: 2 | V9: 28 | W9: =W8 -> 0.0344 | X9: =IF(V9="","",V9*W9*3600) -> 3467.52 | Y9: 2 | Z9: 50 | AA9: =AA8 -> 0.032 | AB9: =IF(Z9="","",Z9*AA9*3600) -> 5760 | AC9: 2 | AD9: 30 | AE9: =AE8 -> 0.0277 | AF9: =IF(AD9="","",AD9*AE9*3600) -> 2991.6 | AG9: 2 | AH9: 18 | AI9: =AI8 -> 0.0282 | AJ9: =IF(AH9="","",AH9*AI9*3600) -> 1827.36 | AK9: 2 | AL9: 72 | AM9: =AM8 -> 0.0359 | AN9: =IF(AL9="","",AL9*AM9*3600) -> 9305.28 | AO9: 2 | AP9: 48 | AQ9: =AQ8 -> 0.0243 | AR9: =IF(AP9="","",AP9*AQ9*3600) -> 4199.04 | AS9: 2 | AT9: 48 | AU9: =AU8 -> 0.037 | AV9: =IF(AT9="","",AT9*AU9*3600) -> 6393.6 | AW9: 2 | AX9: 48 | AY9: =AY8 -> 0.0263 | AZ9: =IF(AX9="","",AX9*AY9*3600) -> 4544.64 | BA9: 2 | BB9: 36 | BC9: =BC8 -> 0.034 | BD9: =IF(BB9="","",BB9*BC9*3600) -> 4406.4 | BE9: 2 | BF9: 24 | BG9: =BG8 -> 0.0123 | BH9: =IF(BF9="","",BF9*BG9*3600) -> 1062.72 | BI9: 2 | BJ9: 24 | BK9: =BK8 -> 0.025 | BL9: =IF(BJ9="","",BJ9*BK9*3600) -> 2160 | BM9: 2 | BN9: 18 | BO9: =BO8 -> 0.0336 | BP9: =IF(BN9="","",BN9*BO9*3600) -> 2177.28
A10: 3 | B10: 56 | C10: =C8 -> 0.033 | D10: =IF(B10="","",B10*C10*3600) -> 6652.8 | E10: 3 | F10: 0 | G10: =G8 -> 0.009 | H10: =IF(F10="","",F10*G10*3600) -> 0 | I10: 3 | J10: 60 | K10: =K8 -> 0.034 | L10: =IF(J10="","",J10*K10*3600) -> 7344 | M10: 3 | N10: 85 | O10: =O8 -> 0.036 | P10: =IF(N10="","",N10*O10*3600) -> 11016 | Q10: 3 | R10: 0 | S10: =S8 -> 0.033 | T10: =IF(R10="","",R10*S10*3600) -> 0 | U10: 3 | V10: 35 | W10: =W8 -> 0.0344 | X10: =IF(V10="","",V10*W10*3600) -> 4334.4 | Y10: 3 | Z10: 66 | AA10: =AA8 -> 0.032 | AB10: =IF(Z10="","",Z10*AA10*3600) -> 7603.2 | AC10: 3 | AD10: 66 | AE10: =AE8 -> 0.0277 | AF10: =IF(AD10="","",AD10*AE10*3600) -> 6581.52 | AG10: 3 | AH10: 36 | AI10: =AI8 -> 0.0282 | AJ10: =IF(AH10="","",AH10*AI10*3600) -> 3654.72 | AK10: 3 | AL10: 120 | AM10: =AM8 -> 0.0359 | AN10: =IF(AL10="","",AL10*AM10*3600) -> 15508.8 | AO10: 3 | AP10: 60 | AQ10: =AQ8 -> 0.0243 | AR10: =IF(AP10="","",AP10*AQ10*3600) -> 5248.8 | AS10: 3 | AT10: 60 | AU10: =AU8 -> 0.037 | AV10: =IF(AT10="","",AT10*AU10*3600) -> 7992 | AW10: 3 | AX10: 60 | AY10: =AY8 -> 0.0263 | AZ10: =IF(AX10="","",AX10*AY10*3600) -> 5680.8 | BA10: 3 | BB10: 60 | BC10: =BC8 -> 0.034 | BD10: =IF(BB10="","",BB10*BC10*3600) -> 7344 | BE10: 3 | BF10: 60 | BG10: =BG8 -> 0.0123 | BH10: =IF(BF10="","",BF10*BG10*3600) -> 2656.8 | BI10: 3 | BJ10: 60 | BK10: =BK8 -> 0.025 | BL10: =IF(BJ10="","",BJ10*BK10*3600) -> 5400 | BM10: 3 | BN10: 48 | BO10: =BO8 -> 0.0336 | BP10: =IF(BN10="","",BN10*BO10*3600) -> 5806.08
A11: 4 | B11: 30 | C11: =C8 -> 0.033 | D11: =IF(B11="","",B11*C11*3600) -> 3564 | E11: 4 | F11: 0 | G11: =G8 -> 0.009 | H11: =IF(F11="","",F11*G11*3600) -> 0 | I11: 4 | J11: 30 | K11: =K8 -> 0.034 | L11: =IF(J11="","",J11*K11*3600) -> 3672 | M11: 4 | N11: 30 | O11: =O8 -> 0.036 | P11: =IF(N11="","",N11*O11*3600) -> 3888 | Q11: 4 | R11: 5 | S11: =S8 -> 0.033 | T11: =IF(R11="","",R11*S11*3600) -> 594 | U11: 4 | V11: 40 | W11: =W8 -> 0.0344 | X11: =IF(V11="","",V11*W11*3600) -> 4953.6 | Y11: 4 | Z11: 30 | AA11: =AA8 -> 0.032 | AB11: =IF(Z11="","",Z11*AA11*3600) -> 3456 | AC11: 4 | AD11: 40 | AE11: =AE8 -> 0.0277 | AF11: =IF(AD11="","",AD11*AE11*3600) -> 3988.8 | AG11: 4 | AH11: 36 | AI11: =AI8 -> 0.0282 | AJ11: =IF(AH11="","",AH11*AI11*3600) -> 3654.72 | AK11: 4 | AL11: 72 | AM11: =AM8 -> 0.0359 | AN11: =IF(AL11="","",AL11*AM11*3600) -> 9305.28 | AO11: 4 | AP11: 48 | AQ11: =AQ8 -> 0.0243 | AR11: =IF(AP11="","",AP11*AQ11*3600) -> 4199.04 | AS11: 4 | AT11: 48 | AU11: =AU8 -> 0.037 | AV11: =IF(AT11="","",AT11*AU11*3600) -> 6393.6 | AW11: 4 | AX11: 48 | AY11: =AY8 -> 0.0263 | AZ11: =IF(AX11="","",AX11*AY11*3600) -> 4544.64 | BA11: 4 | BB11: 48 | BC11: =BC8 -> 0.034 | BD11: =IF(BB11="","",BB11*BC11*3600) -> 5875.2 | BE11: 4 | BF11: 48 | BG11: =BG8 -> 0.0123 | BH11: =IF(BF11="","",BF11*BG11*3600) -> 2125.44 | BI11: 4 | BJ11: 48 | BK11: =BK8 -> 0.025 | BL11: =IF(BJ11="","",BJ11*BK11*3600) -> 4320 | BM11: 4 | BN11: 36 | BO11: =BO8 -> 0.0336 | BP11: =IF(BN11="","",BN11*BO11*3600) -> 4354.56
A12: 5 | B12: 56 | C12: =C8 -> 0.033 | D12: =IF(B12="","",B12*C12*3600) -> 6652.8 | E12: 5 | F12: 0 | G12: =G8 -> 0.009 | H12: =IF(F12="","",F12*G12*3600) -> 0 | I12: 5 | J12: 60 | K12: =K8 -> 0.034 | L12: =IF(J12="","",J12*K12*3600) -> 7344 | M12: 5 | N12: 80 | O12: =O8 -> 0.036 | P12: =IF(N12="","",N12*O12*3600) -> 10368 | Q12: 5 | R12: 35 | S12: =S8 -> 0.033 | T12: =IF(R12="","",R12*S12*3600) -> 4158 | U12: 5 | V12: 40 | W12: =W8 -> 0.0344 | X12: =IF(V12="","",V12*W12*3600) -> 4953.6 | Y12: 5 | Z12: 60 | AA12: =AA8 -> 0.032 | AB12: =IF(Z12="","",Z12*AA12*3600) -> 6912 | AC12: 5 | AD12: 50 | AE12: =AE8 -> 0.0277 | AF12: =IF(AD12="","",AD12*AE12*3600) -> 4986 | AG12: 5 | AH12: 36 | AI12: =AI8 -> 0.0282 | AJ12: =IF(AH12="","",AH12*AI12*3600) -> 3654.72 | AK12: 5 | AL12: 84 | AM12: =AM8 -> 0.0359 | AN12: =IF(AL12="","",AL12*AM12*3600) -> 10856.16 | AO12: 5 | AP12: 48 | AQ12: =AQ8 -> 0.0243 | AR12: =IF(AP12="","",AP12*AQ12*3600) -> 4199.04 | AS12: 5 | AT12: 48 | AU12: =AU8 -> 0.037 | AV12: =IF(AT12="","",AT12*AU12*3600) -> 6393.6 | AW12: 5 | AX12: 48 | AY12: =AY8 -> 0.0263 | AZ12: =IF(AX12="","",AX12*AY12*3600) -> 4544.64 | BA12: 5 | BB12: 36 | BC12: =BC8 -> 0.034 | BD12: =IF(BB12="","",BB12*BC12*3600) -> 4406.4 | BE12: 5 | BF12: 36 | BG12: =BG8 -> 0.0123 | BH12: =IF(BF12="","",BF12*BG12*3600) -> 1594.08 | BI12: 5 | BJ12: 36 | BK12: =BK8 -> 0.025 | BL12: =IF(BJ12="","",BJ12*BK12*3600) -> 3240 | BM12: 5 | BN12: 36 | BO12: =BO8 -> 0.0336 | BP12: =IF(BN12="","",BN12*BO12*3600) -> 4354.56
A13: 6 | B13: 19 | C13: =C8 -> 0.033 | D13: =IF(B13="","",B13*C13*3600) -> 2257.2 | E13: 6 | F13: 0 | G13: =G8 -> 0.009 | H13: =IF(F13="","",F13*G13*3600) -> 0 | I13: 6 | J13: 20 | K13: =K8 -> 0.034 | L13: =IF(J13="","",J13*K13*3600) -> 2448 | M13: 6 | N13: 26 | O13: =O8 -> 0.036 | P13: =IF(N13="","",N13*O13*3600) -> 3369.6 | Q13: 6 | R13: 12 | S13: =S8 -> 0.033 | T13: =IF(R13="","",R13*S13*3600) -> 1425.6 | U13: 6 | V13: 13 | W13: =W8 -> 0.0344 | X13: =IF(V13="","",V13*W13*3600) -> 1609.92 | Y13: 6 | Z13: 20 | AA13: =AA8 -> 0.032 | AB13: =IF(Z13="","",Z13*AA13*3600) -> 2304 | AC13: 6 | AD13: 17 | AE13: =AE8 -> 0.0277 | AF13: =IF(AD13="","",AD13*AE13*3600) -> 1695.24 | AG13: 6 | AH13: 12 | AI13: =AI8 -> 0.0282 | AJ13: =IF(AH13="","",AH13*AI13*3600) -> 1218.24 | AK13: 6 | AL13: 24 | AM13: =AM8 -> 0.0359 | AN13: =IF(AL13="","",AL13*AM13*3600) -> 3101.76 | AO13: 6 | AP13: 12 | AQ13: =AQ8 -> 0.0243 | AR13: =IF(AP13="","",AP13*AQ13*3600) -> 1049.76 | AS13: 6 | AT13: 12 | AU13: =AU8 -> 0.037 | AV13: =IF(AT13="","",AT13*AU13*3600) -> 1598.4 | AW13: 6 | AX13: 12 | AY13: =AY8 -> 0.0263 | AZ13: =IF(AX13="","",AX13*AY13*3600) -> 1136.16 | BA13: 6 | BB13: 0 | BC13: =BC8 -> 0.034 | BD13: =IF(BB13="","",BB13*BC13*3600) -> 0 | BE13: 6 | BF13: 12 | BG13: =BG8 -> 0.0123 | BH13: =IF(BF13="","",BF13*BG13*3600) -> 531.36 | BI13: 6 | BJ13: 12 | BK13: =BK8 -> 0.025 | BL13: =IF(BJ13="","",BJ13*BK13*3600) -> 1080 | BM13: 6 | BN13: 12 | BO13: =BO8 -> 0.0336 | BP13: =IF(BN13="","",BN13*BO13*3600) -> 1451.52
A14: 7 | B14: 0.5 | C14: =C8 -> 0.033 | D14: =IF(B14="","",B14*C14*3600) -> 59.4 | E14: 7 | F14: 0 | G14: =G8 -> 0.009 | H14: =IF(F14="","",F14*G14*3600) -> 0 | I14: 7 | J14: 0.5 | K14: =K8 -> 0.034 | L14: =IF(J14="","",J14*K14*3600) -> 61.2 | M14: 7 | N14: 0.5 | O14: =O8 -> 0.036 | P14: =IF(N14="","",N14*O14*3600) -> 64.8 | Q14: 7 | R14: 0.5 | S14: =S8 -> 0.033 | T14: =IF(R14="","",R14*S14*3600) -> 59.4 | U14: 7 | V14: 0.5 | W14: =W8 -> 0.0344 | X14: =IF(V14="","",V14*W14*3600) -> 61.92 | Y14: 7 | Z14: 0.5 | AA14: =AA8 -> 0.032 | AB14: =IF(Z14="","",Z14*AA14*3600) -> 57.6 | AC14: 7 | AD14: 0.5 | AE14: =AE8 -> 0.0277 | AF14: =IF(AD14="","",AD14*AE14*3600) -> 49.86 | AG14: 7 | AH14: 0 | AI14: =AI8 -> 0.0282 | AJ14: =IF(AH14="","",AH14*AI14*3600) -> 0 | AK14: 7 | AL14: 6 | AM14: =AM8 -> 0.0359 | AN14: =IF(AL14="","",AL14*AM14*3600) -> 775.44 | AO14: 7 | AP14: 6 | AQ14: =AQ8 -> 0.0243 | AR14: =IF(AP14="","",AP14*AQ14*3600) -> 524.88 | AS14: 7 | AT14: 6 | AU14: =AU8 -> 0.037 | AV14: =IF(AT14="","",AT14*AU14*3600) -> 799.2 | AW14: 7 | AX14: 6 | AY14: =AY8 -> 0.0263 | AZ14: =IF(AX14="","",AX14*AY14*3600) -> 568.08 | BA14: 7 | BB14: 0 | BC14: =BC8 -> 0.034 | BD14: =IF(BB14="","",BB14*BC14*3600) -> 0 | BE14: 7 | BF14: 6 | BG14: =BG8 -> 0.0123 | BH14: =IF(BF14="","",BF14*BG14*3600) -> 265.68 | BI14: 7 | BJ14: 6 | BK14: =BK8 -> 0.025 | BL14: =IF(BJ14="","",BJ14*BK14*3600) -> 540 | BM14: 7 | BN14: 6 | BO14: =BO8 -> 0.0336 | BP14: =IF(BN14="","",BN14*BO14*3600) -> 725.76
A15: 8 | C15: =C8 -> 0.033 | D15: =IF(B15="","",B15*C15*3600) | E15: 8 | G15: =G8 -> 0.009 | H15: =IF(F15="","",F15*G15*3600) | I15: 8 | K15: =K8 -> 0.034 | L15: =IF(J15="","",J15*K15*3600) | M15: 8 | O15: =O8 -> 0.036 | P15: =IF(N15="","",N15*O15*3600) | Q15: 8 | S15: =S8 -> 0.033 | T15: =IF(R15="","",R15*S15*3600) | U15: 8 | W15: =W8 -> 0.0344 | X15: =IF(V15="","",V15*W15*3600) | Y15: 8 | AA15: =AA8 -> 0.032 | AB15: =IF(Z15="","",Z15*AA15*3600) | AC15: 8 | AE15: =AE8 -> 0.0277 | AF15: =IF(AD15="","",AD15*AE15*3600) | AG15: 8 | AI15: =AI8 -> 0.0282 | AJ15: =IF(AH15="","",AH15*AI15*3600) | AK15: 8 | AM15: =AM8 -> 0.0359 | AN15: =IF(AL15="","",AL15*AM15*3600) | AO15: 8 | AQ15: =AQ8 -> 0.0243 | AR15: =IF(AP15="","",AP15*AQ15*3600) | AS15: 8 | AU15: =AU8 -> 0.037 | AV15: =IF(AT15="","",AT15*AU15*3600) | AW15: 8 | AY15: =AY8 -> 0.0263 | AZ15: =IF(AX15="","",AX15*AY15*3600) | BA15: 8 | BC15: =BC8 -> 0.034 | BD15: =IF(BB15="","",BB15*BC15*3600) | BE15: 8 | BG15: =BG8 -> 0.0123 | BH15: =IF(BF15="","",BF15*BG15*3600) | BI15: 8 | BK15: =BK8 -> 0.025 | BL15: =IF(BJ15="","",BJ15*BK15*3600) | BM15: 8 | BO15: =BO8 -> 0.0336 | BP15: =IF(BN15="","",BN15*BO15*3600)
A16: 9 | C16: =C8 -> 0.033 | D16: =IF(B16="","",B16*C16*3600) | E16: 9 | G16: =G8 -> 0.009 | H16: =IF(F16="","",F16*G16*3600) | I16: 9 | K16: =K8 -> 0.034 | L16: =IF(J16="","",J16*K16*3600) | M16: 9 | O16: =O8 -> 0.036 | P16: =IF(N16="","",N16*O16*3600) | Q16: 9 | S16: =S8 -> 0.033 | T16: =IF(R16="","",R16*S16*3600) | U16: 9 | W16: =W8 -> 0.0344 | X16: =IF(V16="","",V16*W16*3600) | Y16: 9 | AA16: =AA8 -> 0.032 | AB16: =IF(Z16="","",Z16*AA16*3600) | AC16: 9 | AE16: =AE8 -> 0.0277 | AF16: =IF(AD16="","",AD16*AE16*3600) | AG16: 9 | AI16: =AI8 -> 0.0282 | AJ16: =IF(AH16="","",AH16*AI16*3600) | AK16: 9 | AM16: =AM8 -> 0.0359 | AN16: =IF(AL16="","",AL16*AM16*3600) | AO16: 9 | AQ16: =AQ8 -> 0.0243 | AR16: =IF(AP16="","",AP16*AQ16*3600) | AS16: 9 | AU16: =AU8 -> 0.037 | AV16: =IF(AT16="","",AT16*AU16*3600) | AW16: 9 | AY16: =AY8 -> 0.0263 | AZ16: =IF(AX16="","",AX16*AY16*3600) | BA16: 9 | BC16: =BC8 -> 0.034 | BD16: =IF(BB16="","",BB16*BC16*3600) | BE16: 9 | BG16: =BG8 -> 0.0123 | BH16: =IF(BF16="","",BF16*BG16*3600) | BI16: 9 | BK16: =BK8 -> 0.025 | BL16: =IF(BJ16="","",BJ16*BK16*3600) | BM16: 9 | BO16: =BO8 -> 0.0336 | BP16: =IF(BN16="","",BN16*BO16*3600)
A17: 10 | C17: =C8 -> 0.033 | D17: =IF(B17="","",B17*C17*3600) | E17: 10 | G17: =G8 -> 0.009 | H17: =IF(F17="","",F17*G17*3600) | I17: 10 | K17: =K8 -> 0.034 | L17: =IF(J17="","",J17*K17*3600) | M17: 10 | O17: =O8 -> 0.036 | P17: =IF(N17="","",N17*O17*3600) | Q17: 10 | S17: =S8 -> 0.033 | T17: =IF(R17="","",R17*S17*3600) | U17: 10 | W17: =W8 -> 0.0344 | X17: =IF(V17="","",V17*W17*3600) | Y17: 10 | AA17: =AA8 -> 0.032 | AB17: =IF(Z17="","",Z17*AA17*3600) | AC17: 10 | AE17: =AE8 -> 0.0277 | AF17: =IF(AD17="","",AD17*AE17*3600) | AG17: 10 | AI17: =AI8 -> 0.0282 | AJ17: =IF(AH17="","",AH17*AI17*3600) | AK17: 10 | AM17: =AM8 -> 0.0359 | AN17: =IF(AL17="","",AL17*AM17*3600) | AO17: 10 | AQ17: =AQ8 -> 0.0243 | AR17: =IF(AP17="","",AP17*AQ17*3600) | AS17: 10 | AU17: =AU8 -> 0.037 | AV17: =IF(AT17="","",AT17*AU17*3600) | AW17: 10 | AY17: =AY8 -> 0.0263 | AZ17: =IF(AX17="","",AX17*AY17*3600) | BA17: 10 | BC17: =BC8 -> 0.034 | BD17: =IF(BB17="","",BB17*BC17*3600) | BE17: 10 | BG17: =BG8 -> 0.0123 | BH17: =IF(BF17="","",BF17*BG17*3600) | BI17: 10 | BK17: =BK8 -> 0.025 | BL17: =IF(BJ17="","",BJ17*BK17*3600) | BM17: 10 | BO17: =BO8 -> 0.0336 | BP17: =IF(BN17="","",BN17*BO17*3600)
A18: 11 | C18: =C8 -> 0.033 | D18: =IF(B18="","",B18*C18*3600) | E18: 11 | G18: =G8 -> 0.009 | H18: =IF(F18="","",F18*G18*3600) | I18: 11 | K18: =K8 -> 0.034 | L18: =IF(J18="","",J18*K18*3600) | M18: 11 | O18: =O8 -> 0.036 | P18: =IF(N18="","",N18*O18*3600) | Q18: 11 | S18: =S8 -> 0.033 | T18: =IF(R18="","",R18*S18*3600) | U18: 11 | W18: =W8 -> 0.0344 | X18: =IF(V18="","",V18*W18*3600) | Y18: 11 | AA18: =AA8 -> 0.032 | AB18: =IF(Z18="","",Z18*AA18*3600) | AC18: 11 | AE18: =AE8 -> 0.0277 | AF18: =IF(AD18="","",AD18*AE18*3600) | AG18: 11 | AI18: =AI8 -> 0.0282 | AJ18: =IF(AH18="","",AH18*AI18*3600) | AK18: 11 | AM18: =AM8 -> 0.0359 | AN18: =IF(AL18="","",AL18*AM18*3600) | AO18: 11 | AQ18: =AQ8 -> 0.0243 | AR18: =IF(AP18="","",AP18*AQ18*3600) | AS18: 11 | AU18: =AU8 -> 0.037 | AV18: =IF(AT18="","",AT18*AU18*3600) | AW18: 11 | AY18: =AY8 -> 0.0263 | AZ18: =IF(AX18="","",AX18*AY18*3600) | BA18: 11 | BC18: =BC8 -> 0.034 | BD18: =IF(BB18="","",BB18*BC18*3600) | BE18: 11 | BG18: =BG8 -> 0.0123 | BH18: =IF(BF18="","",BF18*BG18*3600) | BI18: 11 | BK18: =BK8 -> 0.025 | BL18: =IF(BJ18="","",BJ18*BK18*3600) | BM18: 11 | BO18: =BO8 -> 0.0336 | BP18: =IF(BN18="","",BN18*BO18*3600)
A19: 12 | C19: =C8 -> 0.033 | D19: =IF(B19="","",B19*C19*3600) | E19: 12 | G19: =G8 -> 0.009 | H19: =IF(F19="","",F19*G19*3600) | I19: 12 | K19: =K8 -> 0.034 | L19: =IF(J19="","",J19*K19*3600) | M19: 12 | O19: =O8 -> 0.036 | P19: =IF(N19="","",N19*O19*3600) | Q19: 12 | S19: =S8 -> 0.033 | T19: =IF(R19="","",R19*S19*3600) | U19: 12 | W19: =W8 -> 0.0344 | X19: =IF(V19="","",V19*W19*3600) | Y19: 12 | AA19: =AA8 -> 0.032 | AB19: =IF(Z19="","",Z19*AA19*3600) | AC19: 12 | AE19: =AE8 -> 0.0277 | AF19: =IF(AD19="","",AD19*AE19*3600) | AG19: 12 | AI19: =AI8 -> 0.0282 | AJ19: =IF(AH19="","",AH19*AI19*3600) | AK19: 12 | AM19: =AM8 -> 0.0359 | AN19: =IF(AL19="","",AL19*AM19*3600) | AO19: 12 | AQ19: =AQ8 -> 0.0243 | AR19: =IF(AP19="","",AP19*AQ19*3600) | AS19: 12 | AU19: =AU8 -> 0.037 | AV19: =IF(AT19="","",AT19*AU19*3600) | AW19: 12 | AY19: =AY8 -> 0.0263 | AZ19: =IF(AX19="","",AX19*AY19*3600) | BA19: 12 | BC19: =BC8 -> 0.034 | BD19: =IF(BB19="","",BB19*BC19*3600) | BE19: 12 | BG19: =BG8 -> 0.0123 | BH19: =IF(BF19="","",BF19*BG19*3600) | BI19: 12 | BK19: =BK8 -> 0.025 | BL19: =IF(BJ19="","",BJ19*BK19*3600) | BM19: 12 | BO19: =BO8 -> 0.0336 | BP19: =IF(BN19="","",BN19*BO19*3600)
A20: 合計 | D20: =SUM(D8:D19) -> 23938.2 | E20: 合計 | H20: =SUM(H8:H19) -> 0 | I20: 合計 | L20: =SUM(L8:L19) -> 28213.2 | M20: 合計 | P20: =SUM(P8:P19) -> 45554.4 | Q20: 合計 | T20: =SUM(T8:T19) -> 6237 | U20: 合計 | X20: =SUM(X8:X19) -> 23096.16 | Y20: 合計 | AB20: =SUM(AB8:AB19) -> 31276.8 | AC20: 合計 | AF20: =SUM(AF8:AF19) -> 24780.42 | AG20: 合計 | AJ20: =SUM(AJ8:AJ19) -> 14009.76 | AK20: 合計 | AN20: =SUM(AN8:AN19) -> 61259.76 | AO20: 合計 | AR20: =SUM(AR8:AR19) -> 23619.6 | AS20: 合計 | AV20: =SUM(AV8:AV19) -> 34365.6 | AW20: 合計 | AZ20: =SUM(AZ8:AZ19) -> 25563.6 | BA20: 合計 | BD20: =SUM(BD8:BD19) -> 26438.4 | BE20: 合計 | BH20: =SUM(BH8:BH19) -> 9298.8 | BI20: 合計 | BL20: =SUM(BL8:BL19) -> 17820 | BM20: 合計 | BP20: =SUM(BP8:BP19) -> 19837.44

Sheet 日南站
A1: 站別- | B1: 日南 | E1: 站別- | F1: =$B$1 -> 日南 | I1: 站別- | J1: =$B$1 -> 日南 | M1: 站別- | N1: =$B$1 -> 日南 | Q1: 站別- | R1: =$B$1 -> 日南 | U1: 站別- | V1: =$B$1 -> 日南 | Y1: 站別- | Z1: =$B$1 -> 日南 | AC1: 站別- | AD1: =$B$1 -> 日南 | AG1: 站別- | AH1: =$B$1 -> 日南 | AK1: 站別- | AL1: =$B$1 -> 日南 | AO1: 站別- | AP1: =$B$1 -> 日南 | AS1: 站別- | AT1: =$B$1 -> 日南 | AW1: 站別- | AX1: =$B$1 -> 日南 | BA1: 站別- | BB1: =$B$1 -> 日南 | BE1: 站別- | BF1: =$B$1 -> 日南 | BI1: 站別- | BJ1: =$B$1 -> 日南 | BM1: 站別- | BN1: =$B$1 -> 日南 | BQ1: 站別- | BR1: =$B$1 -> 日南 | BU1: 站別- | BV1: =$B$1 -> 日南 | BY1: 站別- | BZ1: =$B$1 -> 日南 | CC1: 站別- | CD1: =$B$1 -> 日南
A2: 年度別- | B2: ='卓蘭站'!B2 -> 115 | E2: 年度別- | F2: ='卓蘭站'!B2 -> 115 | I2: 年度別- | J2: ='卓蘭站'!B2 -> 115 | M2: 年度別- | N2: ='卓蘭站'!B2 -> 115 | Q2: 年度別- | R2: ='卓蘭站'!B2 -> 115 | U2: 年度別- | V2: ='卓蘭站'!B2 -> 115 | Y2: 年度別- | Z2: ='卓蘭站'!B2 -> 115 | AC2: 年度別- | AD2: ='卓蘭站'!B2 -> 115 | AG2: 年度別- | AH2: ='卓蘭站'!B2 -> 115 | AK2: 年度別- | AL2: ='卓蘭站'!B2 -> 115 | AO2: 年度別- | AP2: ='卓蘭站'!B2 -> 115 | AS2: 年度別- | AT2: ='卓蘭站'!B2 -> 115 | AW2: 年度別- | AX2: ='卓蘭站'!B2 -> 115 | BA2: 年度別- | BB2: ='卓蘭站'!B2 -> 115 | BE2: 年度別- | BF2: ='卓蘭站'!B2 -> 115 | BI2: 年度別- | BJ2: ='卓蘭站'!B2 -> 115 | BM2: 年度別- | BN2: ='卓蘭站'!B2 -> 115 | BQ2: 年度別- | BR2: ='卓蘭站'!B2 -> 115 | BU2: 年度別- | BV2: ='卓蘭站'!B2 -> 115 | BY2: 年度別- | BZ2: ='卓蘭站'!B2 -> 115 | CC2: 年度別- | CD2: ='卓蘭站'!B2 -> 115
A3: 抽水井名稱- | B3: ='總表'!$C53 -> 日南站一號抽水井-日南圳 | E3: 抽水井名稱- | F3: ='總表'!$C54 -> 日南站二號抽水井-日南圳 | I3: 抽水井名稱- | J3: ='總表'!C55 -> 日南站三號抽水井(深水井)-日南圳 | M3: 抽水井名稱- | N3: ='總表'!$C56 -> 日南站三號抽水井(淺水井)-日南圳 | Q3: 抽水井名稱- | R3: ='總表'!$C57 -> 日南站四號抽水井-日南圳 | U3: 抽水井名稱- | V3: ='總表'!$C58 -> 日南站五號抽水井-日南圳 | Y3: 抽水井名稱- | Z3: ='總表'!C59 -> 日南站六號抽水井(深水井)-日南圳 | AC3: 抽水井名稱- | AD3: ='總表'!$C60 -> 日南站六號抽水井(淺水井)-日南圳 | AG3: 抽水井名稱- | AH3: ='總表'!C61 -> 日南站六股排水抽水井-日南圳 | AK3: 抽水井名稱- | AL3: ='總表'!$C62 -> 日南站七號抽水井-九張犁圳 | AO3: 抽水井名稱- | AP3: ='總表'!$C63 -> 日南站八號抽水井-日南圳 | AS3: 抽水井名稱- | AT3: ='總表'!$C64 -> 日南站九號抽水井-九張犁圳 | AW3: 抽水井名稱- | AX3: ='總表'!$C65 -> 日南站十號抽水井-九張犁圳 | BA3: 抽水井名稱- | BB3: ='總表'!$C66 -> 日南站十一號抽水井-九張犁圳 | BE3: 抽水井名稱- | BF3: ='總表'!$C67 -> 日南站十二號抽水井-日南圳 | BI3: 抽水井名稱- | BJ3: ='總表'!$C68 -> 日南站十三號抽水井-九張犁圳 | BM3: 抽水井名稱- | BN3: ='總表'!$C69 -> 日南站十四號抽水井-九張犁圳 | BQ3: 抽水井名稱- | BR3: ='總表'!C70 -> 日南站十五號抽水井-日南圳 | BU3: 抽水井名稱- | BV3: ='總表'!C71 -> 日南站十六號抽水井-九張犁圳 | BY3: 抽水井名稱- | BZ3: ='總表'!C72 -> 日南站十七號抽水井-日南圳 | CC3: 抽水井名稱- | CD3: ='總表'!C73 -> 日南站十八號抽水井-九張犁圳
A4: 水權狀號- | B4: ='總表'!$D53 -> B0115482 | E4: 水權狀號- | F4: ='總表'!$D54 -> B0110761 | I4: 水權狀號- | J4: ='總表'!D55 -> B0990027 | M4: 水權狀號- | N4: ='總表'!$D56 -> B0120538 | Q4: 水權狀號- | R4: ='總表'!$D57 -> B0115526 | U4: 水權狀號- | V4: ='總表'!$D58 -> B1020065 | Y4: 水權狀號- | Z4: ='總表'!D59 -> B1000076 | AC4: 水權狀號- | AD4: ='總表'!$D60 -> B0117179 | AG4: 水權狀號- | AH4: ='總表'!D61 -> B1080051 | AK4: 水權狀號- | AL4: ='總表'!$D62 -> B0108729 | AO4: 水權狀號- | AP4: ='總表'!$D63 -> B1050044 | AS4: 水權狀號- | AT4: ='總表'!$D64 -> B1070150 | AW4: 水權狀號- | AX4: ='總表'!$D65 -> B1080171 | BA4: 水權狀號- | BB4: ='總表'!$D66 -> B1090136 | BE4: 水權狀號- | BF4: ='總表'!$D67 -> B1100047 | BI4: 水權狀號- | BJ4: ='總表'!$D68 -> B1100087 | BM4: 水權狀號- | BN4: ='總表'!$D69 -> B1120077 | BQ4: 水權狀號- | BR4: ='總表'!D70 -> B1130014 | BU4: 水權狀號- | BV4: ='總表'!D71 -> B1130251 | BY4: 水權狀號- | BZ4: ='總表'!D72 -> B1130250 | CC4: 水權狀號- | CD4: ='總表'!D73 -> B1140139
A5: 核准年限- | B5: ='總表'!$E53 -> 1141001 | C5: ='總表'!$F53 -> 1190930 | E5: 核准年限- | F5: ='總表'!$E54 -> 1130916 | G5: ='總表'!$F54 -> 1180915 | I5: 核准年限- | J5: ='總表'!E55 -> 1130101 | K5: ='總表'!F55 -> 1171231 | M5: 核准年限- | N5: ='總表'!$E56 -> 1120101 | O5: ='總表'!$F56 -> 1161231 | Q5: 核准年限- | R5: ='總表'!$E57 -> 1130101 | S5: ='總表'!$F57 -> 1171231 | U5: 核准年限- | V5: ='總表'!$E58 -> 1120801 | W5: ='總表'!$F58 -> 1170731 | Y5: 核准年限- | Z5: ='總表'!E59 -> 1101201 | AA5: ='總表'!F59 -> 1151130 | AC5: 核准年限- | AD5: ='總表'!$E60 -> 1100802 | AE5: ='總表'!$F60 -> 1150801 | AG5: 核准年限- | AH5: ='總表'!E61 -> 1130101 | AI5: ='總表'!F61 -> 1171231 | AK5: 核准年限- | AL5: ='總表'!$E62 -> 1121201 | AM5: ='總表'!$F62 -> 1171130 | AO5: 核准年限- | AP5: ='總表'!$E63 -> 1130101 | AQ5: ='總表'!$F63 -> 1171231 | AS5: 核准年限- | AT5: ='總表'!$E64 -> 1120810 | AU5: ='總表'!$F64 -> 1170809 | AW5: 核准年限- | AX5: ='總表'!$E65 -> 1130101 | AY5: ='總表'!$F65 -> 1171231 | BA5: 核准年限- | BB5: ='總表'!$E66 -> 1130101 | BC5: ='總表'!$F66 -> 1171231 | BE5: 核准年限- | BF5: ='總表'!$E67 -> 1130101 | BG5: ='總表'!$F67 -> 1171231 | BI5: 核准年限- | BJ5: ='總表'!$E68 -> 1130101 | BK5: ='總表'!$F68 -> 1171231 | BM5: 核准年限- | BN5: ='總表'!$E69 -> 1120501 | BO5: ='總表'!$F69 -> 1170430 | BQ5: 核准年限- | BR5: ='總表'!E70 -> 1130118 | BS5: ='總表'!F70 -> 1180117 | BU5: 核准年限- | BV5: ='總表'!E71 -> 1130919 | BW5: ='總表'!F71 -> 1180918 | BY5: 核准年限- | BZ5: ='總表'!E72 -> 1130919 | CA5: ='總表'!F72 -> 1180918 | CC5: 核准年限- | CD5: ='總表'!E73 -> 1140702 | CE5: ='總表'!F73 -> 1190701
A6: 備註- | B6: ='總表'!$K53 -> 15 | C6: 小時/日 | E6: 備註- | F6: ='總表'!$K54 -> 10.5 | G6: 小時/日 | I6: 備註- | J6: ='總表'!K55 -> 20 | K6: 小時/日 | M6: 備註- | N6: ='總表'!$K56 -> 10 | O6: 小時/日 | Q6: 備註- | R6: ='總表'!$K57 -> 15 | S6: 小時/日 | U6: 備註- | V6: ='總表'!$K58 -> 15 | W6: 小時/日 | Y6: 備註- | Z6: ='總表'!K59 -> 20 | AA6: 小時/日 | AC6: 備註- | AD6: ='總表'!$K60 -> 8 | AE6: 小時/日 | AG6: 備註- | AH6: ='總表'!K61 -> 12 | AI6: 小時/日 | AK6: 備註- | AL6: ='總表'!$K62 -> 16 | AM6: 小時/日 | AO6: 備註- | AP6: ='總表'!$K63 -> 10 | AQ6: 小時/日 | AS6: 備註- | AT6: ='總表'!$K64 -> 14 | AU6: 小時/日 | AW6: 備註- | AX6: ='總表'!$K65 -> 12 | AY6: 小時/日 | BA6: 備註- | BB6: ='總表'!$K66 -> 12 | BC6: 小時/日 | BE6: 備註- | BF6: ='總表'!$K67 -> 19 | BG6: 小時/日 | BI6: 備註- | BJ6: ='總表'!$K68 -> 13 | BK6: 小時/日 | BM6: 備註- | BN6: ='總表'!$K69 -> 10.5 | BO6: 小時/日 | BQ6: 備註- | BR6: ='總表'!K70 -> 4.5 | BS6: 小時/日 | BU6: 備註- | BV6: ='總表'!K71 -> 6.2 | BW6: 小時/日 | BY6: 備註- | BZ6: ='總表'!K72 -> 3 | CA6: 小時/日 | CC6: 備註- | CD6: ='總表'!K73 -> 6.5 | CE6: 小時/日
A7: 項目 月份 | B7: 抽水時間(hr) | C7: 水權引水量(cms) | D7: 抽水量(m³) | E7: 項目 月份 | F7: 抽水時間(hr) | G7: 水權引水量(cms) | H7: 抽水量(m³) | I7: 項目 月份 | J7: 抽水時間(hr) | K7: 水權引水量(cms) | L7: 抽水量(m³) | M7: 項目 月份 | N7: 抽水時間(hr) | O7: 水權引水量(cms) | P7: 抽水量(m³) | Q7: 項目 月份 | R7: 抽水時間(hr) | S7: 水權引水量(cms) | T7: 抽水量(m³) | U7: 項目 月份 | V7: 抽水時間(hr) | W7: 水權引水量(cms) | X7: 抽水量(m³) | Y7: 項目 月份 | Z7: 抽水時間(hr) | AA7: 水權引水量(cms) | AB7: 抽水量(m³) | AC7: 項目 月份 | AD7: 抽水時間(hr) | AE7: 水權引水量(cms) | AF7: 抽水量(m³) | AG7: 項目 月份 | AH7: 抽水時間(hr) | AI7: 水權引水量(cms) | AJ7: 抽水量(m³) | AK7: 項目 月份 | AL7: 抽水時間(hr) | AM7: 水權引水量(cms) | AN7: 抽水量(m³) | AO7: 項目 月份 | AP7: 抽水時間(hr) | AQ7: 水權引水量(cms) | AR7: 抽水量(m³) | AS7: 項目 月份 | AT7: 抽水時間(hr) | AU7: 水權引水量(cms) | AV7: 抽水量(m³) | AW7: 項目 月份 | AX7: 抽水時間(hr) | AY7: 水權引水量(cms) | AZ7: 抽水量(m³) | BA7: 項目 月份 | BB7: 抽水時間(hr) | BC7: 水權引水量(cms) | BD7: 抽水量(m³) | BE7: 項目 月份 | BF7: 抽水時間(hr) | BG7: 水權引水量(cms) | BH7: 抽水量(m³) | BI7: 項目 月份 | BJ7: 抽水時間(hr) | BK7: 水權引水量(cms) | BL7: 抽水量(m³) | BM7: 項目 月份 | BN7: 抽水時間(hr) | BO7: 水權引水量(cms) | BP7: 抽水量(m³) | BQ7: 項目 月份 | BR7: 抽水時間(hr) | BS7: 水權引水量(cms) | BT7: 抽水量(m³) | BU7: 項目 月份 | BV7: 抽水時間(hr) | BW7: 水權引水量(cms) | BX7: 抽水量(m³) | BY7: 項目 月份 | BZ7: 抽水時間(hr) | CA7: 水權引水量(cms) | CB7: 抽水量(m³) | CC7: 項目 月份 | CD7: 抽水時間(hr) | CE7: 水權引水量(cms) | CF7: 抽水量(m³)
A8: 1 | B8: 0 | C8: ='總表'!J53 -> 0.064 | D8: =IF(B8="","",B8*C8*3600) -> 0 | E8: 1 | F8: - | G8: - | H8: - | I8: 1 | J8: 0 | K8: ='總表'!J55 -> 0.035 | L8: =IF(J8="","",J8*K8*3600) -> 0 | M8: 1 | N8: 0 | O8: ='總表'!$J56 -> 0.083 | P8: =IF(N8="","",N8*O8*3600) -> 0 | Q8: 1 | R8: - | S8: - | T8: - | U8: 1 | V8: 0 | W8: ='總表'!$J58 -> 0.0378 | X8: =IF(V8="","",V8*W8*3600) -> 0 | Y8: 1 | Z8: 0 | AA8: ='總表'!J59 -> 0.034 | AB8: =IF(Z8="","",Z8*AA8*3600) -> 0 | AC8: 1 | AD8: 0 | AE8: ='總表'!$J60 -> 0.08 | AF8: =IF(AD8="","",AD8*AE8*3600) -> 0 | AG8: 1 | AH8: 32 | AI8: ='總表'!J61 -> 0.022 | AJ8: =IF(AH8="","",AH8*AI8*3600) -> 2534.4 | AK8: 1 | AL8: - | AM8: - | AN8: - | AO8: 1 | AP8: 0 | AQ8: ='總表'!$J63 -> 0.036 | AR8: =IF(AP8="","",AP8*AQ8*3600) -> 0 | AS8: 1 | AT8: 0 | AU8: ='總表'!$J64 -> 0.0336 | AV8: =IF(AT8="","",AT8*AU8*3600) -> 0 | AW8: 1 | AX8: 0 | AY8: ='總表'!$J65 -> 0.057 | AZ8: =IF(AX8="","",AX8*AY8*3600) -> 0 | BA8: 1 | BB8: 0 | BC8: ='總表'!$J66 -> 0.021 | BD8: =IF(BB8="","",BB8*BC8*3600) -> 0 | BE8: 1 | BF8: 264.5 | BG8: ='總表'!$J67 -> 0.019 | BH8: =IF(BF8="","",BF8*BG8*3600) -> 18091.8 | BI8: 1 | BJ8: 0 | BK8: ='總表'!$J68 -> 0.037 | BL8: =IF(BJ8="","",BJ8*BK8*3600) -> 0 | BM8: 1 | BN8: 0 | BO8: ='總表'!$J69 -> 0.039 | BP8: =IF(BN8="","",BN8*BO8*3600) -> 0 | BQ8: 1 | BR8: 0 | BS8: ='總表'!J70 -> 0.022 | BT8: =IF(BR8="","",BR8*BS8*3600) -> 0 | BU8: 1 | BV8: 0 | BW8: ='總表'!J71 -> 0.032 | BX8: =IF(BV8="","",BV8*BW8*3600) -> 0 | BY8: 1 | BZ8: 0 | CA8: ='總表'!J72 -> 0.035 | CB8: =IF(BZ8="","",BZ8*CA8*3600) -> 0 | CC8: 1 | CD8: 0 | CE8: ='總表'!J73 -> 0.0463 | CF8: =IF(CD8="","",CD8*CE8*3600) -> 0
A9: 2 | B9: 420 | C9: =C8 -> 0.064 | D9: =IF(B9="","",B9*C9*3600) -> 96768 | E9: 2 | F9: 290 | G9: ='總表'!$J54 -> 0.08 | H9: =IF(F9="","",F9*G9*3600) -> 83520 | I9: 2 | J9: 0 | K9: =K8 -> 0.035 | L9: =IF(J9="","",J9*K9*3600) -> 0 | M9: 2 | N9: 280 | O9: =O8 -> 0.083 | P9: =IF(N9="","",N9*O9*3600) -> 83664 | Q9: 2 | R9: 420 | S9: ='總表'!$J57 -> 0.085 | T9: =IF(R9="","",R9*S9*3600) -> 128520 | U9: 2 | V9: 0 | W9: =W8 -> 0.0378 | X9: =IF(V9="","",V9*W9*3600) -> 0 | Y9: 2 | Z9: 560 | AA9: =AA8 -> 0.034 | AB9: =IF(Z9="","",Z9*AA9*3600) -> 68544 | AC9: 2 | AD9: 0 | AE9: =AE8 -> 0.08 | AF9: =IF(AD9="","",AD9*AE9*3600) -> 0 | AG9: 2 | AH9: 336 | AI9: =AI8 -> 0.022 | AJ9: =IF(AH9="","",AH9*AI9*3600) -> 26611.2 | AK9: 2 | AL9: 408 | AM9: ='總表'!$J62 -> 0.064 | AN9: =IF(AL9="","",AL9*AM9*3600) -> 94003.2 | AO9: 2 | AP9: 0 | AQ9: =AQ8 -> 0.036 | AR9: =IF(AP9="","",AP9*AQ9*3600) -> 0 | AS9: 2 | AT9: 196 | AU9: =AU8 -> 0.0336 | AV9: =IF(AT9="","",AT9*AU9*3600) -> 23708.16 | AW9: 2 | AX9: 284 | AY9: =AY8 -> 0.057 | AZ9: =IF(AX9="","",AX9*AY9*3600) -> 58276.8 | BA9: 2 | BB9: 336 | BC9: =BC8 -> 0.021 | BD9: =IF(BB9="","",BB9*BC9*3600) -> 25401.6 | BE9: 2 | BF9: 532 | BG9: =BG8 -> 0.019 | BH9: =IF(BF9="","",BF9*BG9*3600) -> 36388.8 | BI9: 2 | BJ9: 364 | BK9: =BK8 -> 0.037 | BL9: =IF(BJ9="","",BJ9*BK9*3600) -> 48484.8 | BM9: 2 | BN9: 93.5 | BO9: =BO8 -> 0.039 | BP9: =IF(BN9="","",BN9*BO9*3600) -> 13127.4 | BQ9: 2 | BR9: 126 | BS9: =BS8 -> 0.022 | BT9: =IF(BR9="","",BR9*BS9*3600) -> 9979.2 | BU9: 2 | BV9: 173.6 | BW9: =BW8 -> 0.032 | BX9: =IF(BV9="","",BV9*BW9*3600) -> 19998.72 | BY9: 2 | BZ9: 55 | CA9: =CA8 -> 0.035 | CB9: =IF(BZ9="","",BZ9*CA9*3600) -> 6930 | CC9: 2 | CD9: 182 | CE9: =CE8 -> 0.0463 | CF9: =IF(CD9="","",CD9*CE9*3600) -> 30335.76
A10: 3 | B10: 465 | C10: =C8 -> 0.064 | D10: =IF(B10="","",B10*C10*3600) -> 107136 | E10: 3 | F10: 325.5 | G10: =G9 -> 0.08 | H10: =IF(F10="","",F10*G10*3600) -> 93744 | I10: 3 | J10: 0 | K10: =K8 -> 0.035 | L10: =IF(J10="","",J10*K10*3600) -> 0 | M10: 3 | N10: 310 | O10: =O8 -> 0.083 | P10: =IF(N10="","",N10*O10*3600) -> 92628 | Q10: 3 | R10: 372 | S10: =S9 -> 0.085 | T10: =IF(R10="","",R10*S10*3600) -> 113832 | U10: 3 | V10: 350 | W10: =W8 -> 0.0378 | X10: =IF(V10="","",V10*W10*3600) -> 47628 | Y10: 3 | Z10: 106 | AA10: =AA8 -> 0.034 | AB10: =IF(Z10="","",Z10*AA10*3600) -> 12974.4 | AC10: 3 | AD10: 0 | AE10: =AE8 -> 0.08 | AF10: =IF(AD10="","",AD10*AE10*3600) -> 0 | AG10: 3 | AH10: 372 | AI10: =AI8 -> 0.022 | AJ10: =IF(AH10="","",AH10*AI10*3600) -> 29462.4 | AK10: 3 | AL10: 41 | AM10: =AM9 -> 0.064 | AN10: =IF(AL10="","",AL10*AM10*3600) -> 9446.4 | AO10: 3 | AP10: 0 | AQ10: =AQ8 -> 0.036 | AR10: =IF(AP10="","",AP10*AQ10*3600) -> 0 | AS10: 3 | AT10: 434 | AU10: =AU8 -> 0.0336 | AV10: =IF(AT10="","",AT10*AU10*3600) -> 52496.64 | AW10: 3 | AX10: 372 | AY10: =AY8 -> 0.057 | AZ10: =IF(AX10="","",AX10*AY10*3600) -> 76334.4 | BA10: 3 | BB10: 372 | BC10: =BC8 -> 0.021 | BD10: =IF(BB10="","",BB10*BC10*3600) -> 28123.2 | BE10: 3 | BF10: 589 | BG10: =BG8 -> 0.019 | BH10: =IF(BF10="","",BF10*BG10*3600) -> 40287.6 | BI10: 3 | BJ10: 403 | BK10: =BK8 -> 0.037 | BL10: =IF(BJ10="","",BJ10*BK10*3600) -> 53679.6 | BM10: 3 | BN10: 0 | BO10: =BO8 -> 0.039 | BP10: =IF(BN10="","",BN10*BO10*3600) -> 0 | BQ10: 3 | BR10: 139.5 | BS10: =BS8 -> 0.022 | BT10: =IF(BR10="","",BR10*BS10*3600) -> 11048.4 | BU10: 3 | BV10: 192.2 | BW10: =BW8 -> 0.032 | BX10: =IF(BV10="","",BV10*BW10*3600) -> 22141.44 | BY10: 3 | BZ10: 93 | CA10: =CA8 -> 0.035 | CB10: =IF(BZ10="","",BZ10*CA10*3600) -> 11718 | CC10: 3 | CD10: 201.5 | CE10: =CE8 -> 0.0463 | CF10: =IF(CD10="","",CD10*CE10*3600) -> 33586.02
A11: 4 | B11: 450 | C11: =C8 -> 0.064 | D11: =IF(B11="","",B11*C11*3600) -> 103680 | E11: 4 | F11: 315 | G11: =G9 -> 0.08 | H11: =IF(F11="","",F11*G11*3600) -> 90720 | I11: 4 | J11: 0 | K11: =K8 -> 0.035 | L11: =IF(J11="","",J11*K11*3600) -> 0 | M11: 4 | N11: 300 | O11: =O8 -> 0.083 | P11: =IF(N11="","",N11*O11*3600) -> 89640 | Q11: 4 | R11: 360 | S11: =S9 -> 0.085 | T11: =IF(R11="","",R11*S11*3600) -> 110160 | U11: 4 | V11: 450 | W11: =W8 -> 0.0378 | X11: =IF(V11="","",V11*W11*3600) -> 61236 | Y11: 4 | Z11: 478 | AA11: =AA8 -> 0.034 | AB11: =IF(Z11="","",Z11*AA11*3600) -> 58507.2 | AC11: 4 | AD11: 0 | AE11: =AE8 -> 0.08 | AF11: =IF(AD11="","",AD11*AE11*3600) -> 0 | AG11: 4 | AH11: 360 | AI11: =AI8 -> 0.022 | AJ11: =IF(AH11="","",AH11*AI11*3600) -> 28512 | AK11: 4 | AL11: 0 | AM11: =AM9 -> 0.064 | AN11: =IF(AL11="","",AL11*AM11*3600) -> 0 | AO11: 4 | AP11: 0 | AQ11: =AQ8 -> 0.036 | AR11: =IF(AP11="","",AP11*AQ11*3600) -> 0 | AS11: 4 | AT11: 235 | AU11: =AU8 -> 0.0336 | AV11: =IF(AT11="","",AT11*AU11*3600) -> 28425.6 | AW11: 4 | AX11: 360 | AY11: =AY8 -> 0.057 | AZ11: =IF(AX11="","",AX11*AY11*3600) -> 73872 | BA11: 4 | BB11: 16 | BC11: =BC8 -> 0.021 | BD11: =IF(BB11="","",BB11*BC11*3600) -> 1209.6 | BE11: 4 | BF11: 475 | BG11: =BG8 -> 0.019 | BH11: =IF(BF11="","",BF11*BG11*3600) -> 32490 | BI11: 4 | BJ11: 236 | BK11: =BK8 -> 0.037 | BL11: =IF(BJ11="","",BJ11*BK11*3600) -> 31435.2 | BM11: 4 | BN11: 315 | BO11: =BO8 -> 0.039 | BP11: =IF(BN11="","",BN11*BO11*3600) -> 44226 | BQ11: 4 | BR11: 56 | BS11: =BS8 -> 0.022 | BT11: =IF(BR11="","",BR11*BS11*3600) -> 4435.2 | BU11: 4 | BV11: 186 | BW11: =BW9 -> 0.032 | BX11: =IF(BV11="","",BV11*BW11*3600) -> 21427.2 | BY11: 4 | BZ11: 90 | CA11: =CA8 -> 0.035 | CB11: =IF(BZ11="","",BZ11*CA11*3600) -> 11340 | CC11: 4 | CD11: 195 | CE11: =CE8 -> 0.0463 | CF11: =IF(CD11="","",CD11*CE11*3600) -> 32502.6
A12: 5 | B12: 0 | C12: =C8 -> 0.064 | D12: =IF(B12="","",B12*C12*3600) -> 0 | E12: 5 | F12: 465 | G12: =G9 -> 0.08 | H12: =IF(F12="","",F12*G12*3600) -> 133920 | I12: 5 | J12: 637 | K12: =K8 -> 0.035 | L12: =IF(J12="","",J12*K12*3600) -> 80262 | M12: 5 | N12: 420 | O12: =O8 -> 0.083 | P12: =IF(N12="","",N12*O12*3600) -> 125496 | Q12: 5 | R12: 744 | S12: =S9 -> 0.085 | T12: =IF(R12="","",R12*S12*3600) -> 227664 | U12: 5 | V12: 465 | W12: =W8 -> 0.0378 | X12: =IF(V12="","",V12*W12*3600) -> 63277.2 | Y12: 5 | Z12: 478 | AA12: =AA8 -> 0.034 | AB12: =IF(Z12="","",Z12*AA12*3600) -> 58507.2 | AC12: 5 | AD12: 450 | AE12: =AE8 -> 0.08 | AF12: =IF(AD12="","",AD12*AE12*3600) -> 129600 | AG12: 5 | AH12: 630 | AI12: =AI8 -> 0.022 | AJ12: =IF(AH12="","",AH12*AI12*3600) -> 49896 | AK12: 5 | AL12: 465 | AM12: =AM9 -> 0.064 | AN12: =IF(AL12="","",AL12*AM12*3600) -> 107136 | AO12: 5 | AP12: 0 | AQ12: =AQ8 -> 0.036 | AR12: =IF(AP12="","",AP12*AQ12*3600) -> 0 | AS12: 5 | AT12: 450 | AU12: =AU8 -> 0.0336 | AV12: =IF(AT12="","",AT12*AU12*3600) -> 54432 | AW12: 5 | AX12: 0 | AY12: =AY8 -> 0.057 | AZ12: =IF(AX12="","",AX12*AY12*3600) -> 0 | BA12: 5 | BB12: 465 | BC12: =BC8 -> 0.021 | BD12: =IF(BB12="","",BB12*BC12*3600) -> 35154 | BE12: 5 | BF12: 0 | BG12: =BG8 -> 0.019 | BH12: =IF(BF12="","",BF12*BG12*3600) -> 0 | BI12: 5 | BJ12: 465 | BK12: =BK8 -> 0.037 | BL12: =IF(BJ12="","",BJ12*BK12*3600) -> 61938 | BM12: 5 | BN12: 0 | BO12: =BO8 -> 0.039 | BP12: =IF(BN12="","",BN12*BO12*3600) -> 0 | BQ12: 5 | BR12: 450 | BS12: =BS8 -> 0.022 | BT12: =IF(BR12="","",BR12*BS12*3600) -> 35640 | BU12: 5 | BV12: 0 | BW12: =BW10 -> 0.032 | BX12: =IF(BV12="","",BV12*BW12*3600) -> 0 | BY12: 5 | BZ12: 465 | CA12: =CA8 -> 0.035 | CB12: =IF(BZ12="","",BZ12*CA12*3600) -> 58590 | CC12: 5 | CD12: 0 | CE12: =CE8 -> 0.0463 | CF12: =IF(CD12="","",CD12*CE12*3600) -> 0
A13: 6 | B13: 103 | C13: =C8 -> 0.064 | D13: =IF(B13="","",B13*C13*3600) -> 23731.2 | E13: 6 | F13: - | G13: - | H13: - | I13: 6 | J13: 103 | K13: =K8 -> 0.035 | L13: =IF(J13="","",J13*K13*3600) -> 12978 | M13: 6 | N13: 0 | O13: =O8 -> 0.083 | P13: =IF(N13="","",N13*O13*3600) -> 0 | Q13: 6 | R13: - | S13: - | T13: - | U13: 6 | V13: 0 | W13: =W8 -> 0.0378 | X13: =IF(V13="","",V13*W13*3600) -> 0 | Y13: 6 | Z13: 103 | AA13: =AA8 -> 0.034 | AB13: =IF(Z13="","",Z13*AA13*3600) -> 12607.2 | AC13: 6 | AD13: 0 | AE13: =AE8 -> 0.08 | AF13: =IF(AD13="","",AD13*AE13*3600) -> 0 | AG13: 6 | AH13: 180 | AI13: =AI8 -> 0.022 | AJ13: =IF(AH13="","",AH13*AI13*3600) -> 14256 | AK13: 6 | AL13: 103 | AM13: =AM9 -> 0.064 | AN13: =IF(AL13="","",AL13*AM13*3600) -> 23731.2 | AO13: 6 | AP13: 0 | AQ13: =AQ8 -> 0.036 | AR13: =IF(AP13="","",AP13*AQ13*3600) -> 0 | AS13: 6 | AT13: 103 | AU13: =AU8 -> 0.0336 | AV13: =IF(AT13="","",AT13*AU13*3600) -> 12458.88 | AW13: 6 | AX13: 88 | AY13: =AY8 -> 0.057 | AZ13: =IF(AX13="","",AX13*AY13*3600) -> 18057.6 | BA13: 6 | BB13: 103 | BC13: =BC8 -> 0.021 | BD13: =IF(BB13="","",BB13*BC13*3600) -> 7786.8 | BE13: 6 | BF13: 103 | BG13: =BG8 -> 0.019 | BH13: =IF(BF13="","",BF13*BG13*3600) -> 7045.2 | BI13: 6 | BJ13: 103 | BK13: =BK8 -> 0.037 | BL13: =IF(BJ13="","",BJ13*BK13*3600) -> 13719.6 | BM13: 6 | BN13: 0 | BO13: =BO8 -> 0.039 | BP13: =IF(BN13="","",BN13*BO13*3600) -> 0 | BQ13: 6 | BR13: 0 | BS13: =BS8 -> 0.022 | BT13: =IF(BR13="","",BR13*BS13*3600) -> 0 | BU13: 6 | BV13: 0 | BW13: =BW11 -> 0.032 | BX13: =IF(BV13="","",BV13*BW13*3600) -> 0 | BY13: 6 | BZ13: 103 | CA13: =CA8 -> 0.035 | CB13: =IF(BZ13="","",BZ13*CA13*3600) -> 12978 | CC13: 6 | CD13: 103 | CE13: =CE8 -> 0.0463 | CF13: =IF(CD13="","",CD13*CE13*3600) -> 17168.04
A14: 7 | B14: 234 | C14: =C8 -> 0.064 | D14: =IF(B14="","",B14*C14*3600) -> 53913.6 | E14: 7 | F14: 234 | G14: =G9 -> 0.08 | H14: =IF(F14="","",F14*G14*3600) -> 67392 | I14: 7 | J14: 0 | K14: =K8 -> 0.035 | L14: =IF(J14="","",J14*K14*3600) -> 0 | M14: 7 | N14: 234 | O14: =O8 -> 0.083 | P14: =IF(N14="","",N14*O14*3600) -> 69919.2 | Q14: 7 | R14: 234 | S14: =S9 -> 0.085 | T14: =IF(R14="","",R14*S14*3600) -> 71604 | U14: 7 | V14: 0 | W14: =W8 -> 0.0378 | X14: =IF(V14="","",V14*W14*3600) -> 0 | Y14: 7 | Z14: 234 | AA14: =AA8 -> 0.034 | AB14: =IF(Z14="","",Z14*AA14*3600) -> 28641.6 | AC14: 7 | AD14: 0 | AE14: =AE8 -> 0.08 | AF14: =IF(AD14="","",AD14*AE14*3600) -> 0 | AG14: 7 | AH14: 234 | AI14: =AI8 -> 0.022 | AJ14: =IF(AH14="","",AH14*AI14*3600) -> 18532.8 | AK14: 7 | AL14: 165 | AM14: =AM9 -> 0.064 | AN14: =IF(AL14="","",AL14*AM14*3600) -> 38016 | AO14: 7 | AP14: 0 | AQ14: =AQ8 -> 0.036 | AR14: =IF(AP14="","",AP14*AQ14*3600) -> 0 | AS14: 7 | AT14: 148 | AU14: =AU8 -> 0.0336 | AV14: =IF(AT14="","",AT14*AU14*3600) -> 17902.08 | AW14: 7 | AX14: 148 | AY14: =AY8 -> 0.057 | AZ14: =IF(AX14="","",AX14*AY14*3600) -> 30369.6 | BA14: 7 | BB14: 148 | BC14: =BC8 -> 0.021 | BD14: =IF(BB14="","",BB14*BC14*3600) -> 11188.8 | BE14: 7 | BF14: 248 | BG14: =BG8 -> 0.019 | BH14: =IF(BF14="","",BF14*BG14*3600) -> 16963.2 | BI14: 7 | BJ14: 148 | BK14: =BK8 -> 0.037 | BL14: =IF(BJ14="","",BJ14*BK14*3600) -> 19713.6 | BM14: 7 | BN14: 148 | BO14: =BO8 -> 0.039 | BP14: =IF(BN14="","",BN14*BO14*3600) -> 20779.2 | BQ14: 7 | BR14: 0 | BS14: =BS8 -> 0.022 | BT14: =IF(BR14="","",BR14*BS14*3600) -> 0 | BU14: 7 | BV14: 148 | BW14: =BW12 -> 0.032 | BX14: =IF(BV14="","",BV14*BW14*3600) -> 17049.6 | BY14: 7 | BZ14: 93 | CA14: =CA8 -> 0.035 | CB14: =IF(BZ14="","",BZ14*CA14*3600) -> 11718 | CC14: 7 | CD14: 0 | CE14: =CE8 -> 0.0463 | CF14: =IF(CD14="","",CD14*CE14*3600) -> 0
A15: 8 | C15: =C8 -> 0.064 | D15: =IF(B15="","",B15*C15*3600) | E15: 8 | G15: =G9 -> 0.08 | H15: =IF(F15="","",F15*G15*3600) | I15: 8 | K15: =K8 -> 0.035 | L15: =IF(J15="","",J15*K15*3600) | M15: 8 | O15: =O8 -> 0.083 | P15: =IF(N15="","",N15*O15*3600) | Q15: 8 | S15: =S9 -> 0.085 | T15: =IF(R15="","",R15*S15*3600) | U15: 8 | W15: =W8 -> 0.0378 | X15: =IF(V15="","",V15*W15*3600) | Y15: 8 | AA15: =AA8 -> 0.034 | AB15: =IF(Z15="","",Z15*AA15*3600) | AC15: 8 | AE15: =AE8 -> 0.08 | AF15: =IF(AD15="","",AD15*AE15*3600) | AG15: 8 | AI15: =AI8 -> 0.022 | AJ15: =IF(AH15="","",AH15*AI15*3600) | AK15: 8 | AM15: =AM9 -> 0.064 | AN15: =IF(AL15="","",AL15*AM15*3600) | AO15: 8 | AQ15: =AQ8 -> 0.036 | AR15: =IF(AP15="","",AP15*AQ15*3600) | AS15: 8 | AU15: =AU8 -> 0.0336 | AV15: =IF(AT15="","",AT15*AU15*3600) | AW15: 8 | AY15: =AY8 -> 0.057 | AZ15: =IF(AX15="","",AX15*AY15*3600) | BA15: 8 | BC15: =BC8 -> 0.021 | BD15: =IF(BB15="","",BB15*BC15*3600) | BE15: 8 | BG15: =BG8 -> 0.019 | BH15: =IF(BF15="","",BF15*BG15*3600) | BI15: 8 | BK15: =BK8 -> 0.037 | BL15: =IF(BJ15="","",BJ15*BK15*3600) | BM15: 8 | BO15: =BO8 -> 0.039 | BP15: =IF(BN15="","",BN15*BO15*3600) | BQ15: 8 | BS15: =BS8 -> 0.022 | BT15: =IF(BR15="","",BR15*BS15*3600) | BU15: 8 | BW15: =BW13 -> 0.032 | BX15: =IF(BV15="","",BV15*BW15*3600) | BY15: 8 | CA15: =CA8 -> 0.035 | CB15: =IF(BZ15="","",BZ15*CA15*3600) | CC15: 8 | CE15: =CE8 -> 0.0463 | CF15: =IF(CD15="","",CD15*CE15*3600)
A16: 9 | C16: =C8 -> 0.064 | D16: =IF(B16="","",B16*C16*3600) | E16: 9 | G16: =G9 -> 0.08 | H16: =IF(F16="","",F16*G16*3600) | I16: 9 | K16: =K8 -> 0.035 | L16: =IF(J16="","",J16*K16*3600) | M16: 9 | O16: =O8 -> 0.083 | P16: =IF(N16="","",N16*O16*3600) | Q16: 9 | S16: =S9 -> 0.085 | T16: =IF(R16="","",R16*S16*3600) | U16: 9 | W16: =W8 -> 0.0378 | X16: =IF(V16="","",V16*W16*3600) | Y16: 9 | AA16: =AA8 -> 0.034 | AB16: =IF(Z16="","",Z16*AA16*3600) | AC16: 9 | AE16: =AE8 -> 0.08 | AF16: =IF(AD16="","",AD16*AE16*3600) | AG16: 9 | AI16: =AI8 -> 0.022 | AJ16: =IF(AH16="","",AH16*AI16*3600) | AK16: 9 | AM16: =AM9 -> 0.064 | AN16: =IF(AL16="","",AL16*AM16*3600) | AO16: 9 | AQ16: =AQ8 -> 0.036 | AR16: =IF(AP16="","",AP16*AQ16*3600) | AS16: 9 | AU16: =AU8 -> 0.0336 | AV16: =IF(AT16="","",AT16*AU16*3600) | AW16: 9 | AY16: =AY8 -> 0.057 | AZ16: =IF(AX16="","",AX16*AY16*3600) | BA16: 9 | BC16: =BC8 -> 0.021 | BD16: =IF(BB16="","",BB16*BC16*3600) | BE16: 9 | BG16: =BG8 -> 0.019 | BH16: =IF(BF16="","",BF16*BG16*3600) | BI16: 9 | BK16: =BK8 -> 0.037 | BL16: =IF(BJ16="","",BJ16*BK16*3600) | BM16: 9 | BO16: =BO8 -> 0.039 | BP16: =IF(BN16="","",BN16*BO16*3600) | BQ16: 9 | BS16: =BS8 -> 0.022 | BT16: =IF(BR16="","",BR16*BS16*3600) | BU16: 9 | BW16: =BW14 -> 0.032 | BX16: =IF(BV16="","",BV16*BW16*3600) | BY16: 9 | CA16: =CA8 -> 0.035 | CB16: =IF(BZ16="","",BZ16*CA16*3600) | CC16: 9 | CE16: =CE8 -> 0.0463 | CF16: =IF(CD16="","",CD16*CE16*3600)
A17: 10 | C17: =C8 -> 0.064 | D17: =IF(B17="","",B17*C17*3600) | E17: 10 | F17: - | G17: - | H17: - | I17: 10 | K17: =K8 -> 0.035 | L17: =IF(J17="","",J17*K17*3600) | M17: 10 | O17: =O8 -> 0.083 | P17: =IF(N17="","",N17*O17*3600) | Q17: 10 | R17: - | S17: - | T17: - | U17: 10 | W17: =W8 -> 0.0378 | X17: =IF(V17="","",V17*W17*3600) | Y17: 10 | AA17: =AA8 -> 0.034 | AB17: =IF(Z17="","",Z17*AA17*3600) | AC17: 10 | AE17: =AE8 -> 0.08 | AF17: =IF(AD17="","",AD17*AE17*3600) | AG17: 10 | AI17: =AI8 -> 0.022 | AJ17: =IF(AH17="","",AH17*AI17*3600) | AK17: 10 | AM17: =AM9 -> 0.064 | AN17: =IF(AL17="","",AL17*AM17*3600) | AO17: 10 | AQ17: =AQ8 -> 0.036 | AR17: =IF(AP17="","",AP17*AQ17*3600) | AS17: 10 | AU17: =AU8 -> 0.0336 | AV17: =IF(AT17="","",AT17*AU17*3600) | AW17: 10 | AY17: =AY8 -> 0.057 | AZ17: =IF(AX17="","",AX17*AY17*3600) | BA17: 10 | BC17: =BC8 -> 0.021 | BD17: =IF(BB17="","",BB17*BC17*3600) | BE17: 10 | BG17: =BG8 -> 0.019 | BH17: =IF(BF17="","",BF17*BG17*3600) | BI17: 10 | BK17: =BK8 -> 0.037 | BL17: =IF(BJ17="","",BJ17*BK17*3600) | BM17: 10 | BO17: =BO8 -> 0.039 | BP17: =IF(BN17="","",BN17*BO17*3600) | BQ17: 10 | BS17: =BS8 -> 0.022 | BT17: =IF(BR17="","",BR17*BS17*3600) | BU17: 10 | BW17: =BW15 -> 0.032 | BX17: =IF(BV17="","",BV17*BW17*3600) | BY17: 10 | CA17: =CA8 -> 0.035 | CB17: =IF(BZ17="","",BZ17*CA17*3600) | CC17: 10 | CE17: =CE8 -> 0.0463 | CF17: =IF(CD17="","",CD17*CE17*3600)
A18: 11 | C18: =C8 -> 0.064 | D18: =IF(B18="","",B18*C18*3600) | E18: 11 | F18: - | G18: - | H18: - | I18: 11 | K18: =K8 -> 0.035 | L18: =IF(J18="","",J18*K18*3600) | M18: 11 | O18: =O8 -> 0.083 | P18: =IF(N18="","",N18*O18*3600) | Q18: 11 | R18: - | S18: - | T18: - | U18: 11 | W18: =W8 -> 0.0378 | X18: =IF(V18="","",V18*W18*3600) | Y18: 11 | AA18: =AA8 -> 0.034 | AB18: =IF(Z18="","",Z18*AA18*3600) | AC18: 11 | AE18: =AE8 -> 0.08 | AF18: =IF(AD18="","",AD18*AE18*3600) | AG18: 11 | AI18: =AI8 -> 0.022 | AJ18: =IF(AH18="","",AH18*AI18*3600) | AK18: 11 | AL18: - | AM18: - | AN18: - | AO18: 11 | AQ18: =AQ8 -> 0.036 | AR18: =IF(AP18="","",AP18*AQ18*3600) | AS18: 11 | AU18: =AU8 -> 0.0336 | AV18: =IF(AT18="","",AT18*AU18*3600) | AW18: 11 | AY18: =AY8 -> 0.057 | AZ18: =IF(AX18="","",AX18*AY18*3600) | BA18: 11 | BC18: =BC8 -> 0.021 | BD18: =IF(BB18="","",BB18*BC18*3600) | BE18: 11 | BG18: =BG8 -> 0.019 | BH18: =IF(BF18="","",BF18*BG18*3600) | BI18: 11 | BK18: =BK8 -> 0.037 | BL18: =IF(BJ18="","",BJ18*BK18*3600) | BM18: 11 | BO18: =BO8 -> 0.039 | BP18: =IF(BN18="","",BN18*BO18*3600) | BQ18: 11 | BS18: =BS8 -> 0.022 | BT18: =IF(BR18="","",BR18*BS18*3600) | BU18: 11 | BW18: =BW16 -> 0.032 | BX18: =IF(BV18="","",BV18*BW18*3600) | BY18: 11 | CA18: =CA8 -> 0.035 | CB18: =IF(BZ18="","",BZ18*CA18*3600) | CC18: 11 | CE18: =CE8 -> 0.0463 | CF18: =IF(CD18="","",CD18*CE18*3600)
A19: 12 | C19: =C8 -> 0.064 | D19: =IF(B19="","",B19*C19*3600) | E19: 12 | F19: - | G19: - | H19: - | I19: 12 | K19: =K8 -> 0.035 | L19: =IF(J19="","",J19*K19*3600) | M19: 12 | O19: =O8 -> 0.083 | P19: =IF(N19="","",N19*O19*3600) | Q19: 12 | R19: - | S19: - | T19: - | U19: 12 | W19: =W8 -> 0.0378 | X19: =IF(V19="","",V19*W19*3600) | Y19: 12 | AA19: =AA8 -> 0.034 | AB19: =IF(Z19="","",Z19*AA19*3600) | AC19: 12 | AE19: =AE8 -> 0.08 | AF19: =IF(AD19="","",AD19*AE19*3600) | AG19: 12 | AI19: =AI8 -> 0.022 | AJ19: =IF(AH19="","",AH19*AI19*3600) | AK19: 12 | AL19: - | AM19: - | AN19: - | AO19: 12 | AQ19: =AQ8 -> 0.036 | AR19: =IF(AP19="","",AP19*AQ19*3600) | AS19: 12 | AU19: =AU8 -> 0.0336 | AV19: =IF(AT19="","",AT19*AU19*3600) | AW19: 12 | AY19: =AY8 -> 0.057 | AZ19: =IF(AX19="","",AX19*AY19*3600) | BA19: 12 | BC19: =BC8 -> 0.021 | BD19: =IF(BB19="","",BB19*BC19*3600) | BE19: 12 | BG19: =BG8 -> 0.019 | BH19: =IF(BF19="","",BF19*BG19*3600) | BI19: 12 | BK19: =BK8 -> 0.037 | BL19: =IF(BJ19="","",BJ19*BK19*3600) | BM19: 12 | BO19: =BO8 -> 0.039 | BP19: =IF(BN19="","",BN19*BO19*3600) | BQ19: 12 | BS19: =BS8 -> 0.022 | BT19: =IF(BR19="","",BR19*BS19*3600) | BU19: 12 | BW19: =BW17 -> 0.032 | BX19: =IF(BV19="","",BV19*BW19*3600) | BY19: 12 | CA19: =CA8 -> 0.035 | CB19: =IF(BZ19="","",BZ19*CA19*3600) | CC19: 12 | CE19: =CE8 -> 0.0463 | CF19: =IF(CD19="","",CD19*CE19*3600)
A20: 合計 | D20: =SUM(D8:D19) -> 385228.8 | E20: 合計 | H20: =SUM(H8:H19) -> 469296 | I20: 合計 | L20: =SUM(L8:L19) -> 93240 | M20: 合計 | P20: =SUM(P8:P19) -> 461347.2 | Q20: 合計 | T20: =SUM(T8:T19) -> 651780 | U20: 合計 | X20: =SUM(X8:X19) -> 172141.2 | Y20: 合計 | AB20: =SUM(AB8:AB19) -> 239781.6 | AC20: 合計 | AF20: =SUM(AF8:AF19) -> 129600 | AG20: 合計 | AJ20: =SUM(AJ8:AJ19) -> 169804.8 | AK20: 合計 | AN20: =SUM(AN8:AN19) -> 272332.8 | AO20: 合計 | AR20: =SUM(AR8:AR19) -> 0 | AS20: 合計 | AV20: =SUM(AV8:AV19) -> 189423.36 | AW20: 合計 | AZ20: =SUM(AZ8:AZ19) -> 256910.4 | BA20: 合計 | BD20: =SUM(BD8:BD19) -> 108864 | BE20: 合計 | BH20: =SUM(BH8:BH19) -> 151266.6 | BI20: 合計 | BL20: =SUM(BL8:BL19) -> 228970.8 | BM20: 合計 | BP20: =SUM(BP8:BP19) -> 78132.6 | BQ20: 合計 | BT20: =SUM(BT8:BT19) -> 61102.8 | BU20: 合計 | BX20: =SUM(BX8:BX19) -> 80616.96 | BY20: 合計 | CB20: =SUM(CB8:CB19) -> 113274 | CC20: 合計 | CF20: =SUM(CF8:CF19) -> 113592.42

Sheet 磁瑤站
A1: 站別- | B1: 磁瑤 | E1: 站別- | F1: =$B$1 -> 磁瑤 | I1: 站別- | J1: =$B$1 -> 磁瑤 | M1: 站別- | N1: =$B$1 -> 磁瑤 | Q1: 站別- | R1: =$B$1 -> 磁瑤 | U1: 站別- | V1: =$B$1 -> 磁瑤 | Y1: 站別- | Z1: =$B$1 -> 磁瑤 | AC1: 站別- | AD1: =$B$1 -> 磁瑤
A2: 年度別- | B2: ='卓蘭站'!B2 -> 115 | E2: 年度別- | F2: ='卓蘭站'!B2 -> 115 | I2: 年度別- | J2: ='卓蘭站'!B2 -> 115 | M2: 年度別- | N2: ='卓蘭站'!B2 -> 115 | Q2: 年度別- | R2: ='卓蘭站'!B2 -> 115 | U2: 年度別- | V2: ='卓蘭站'!B2 -> 115 | Y2: 年度別- | Z2: ='卓蘭站'!B2 -> 115 | AC2: 年度別- | AD2: ='卓蘭站'!B2 -> 115
A3: 抽水井名稱- | B3: ='總表'!$C28 -> 后里圳一號抽水井 | E3: 抽水井名稱- | F3: ='總表'!$C29 -> 后里圳三號抽水井 | I3: 抽水井名稱- | J3: ='總表'!$C30 -> 后里圳四號抽水井 | M3: 抽水井名稱- | N3: ='總表'!$C31 -> 后里圳七支線二號抽水井 | Q3: 抽水井名稱- | R3: ='總表'!$C32 -> 后里圳六支線一號抽水井 | U3: 抽水井名稱- | V3: ='總表'!$C33 -> 后里圳七支線一號抽水井 | Y3: 抽水井名稱- | Z3: ='總表'!$C34 -> 后里圳二號抽水井 | AC3: 抽水井名稱- | AD3: ='總表'!$C35 -> 后里圳七支線三號抽水井
A4: 水權狀號- | B4: ='總表'!$D28 -> B0112603 | E4: 水權狀號- | F4: ='總表'!$D29 -> B0930053 | I4: 水權狀號- | J4: ='總表'!$D30 -> B0950059 | M4: 水權狀號- | N4: ='總表'!$D31 -> B1070109 | Q4: 水權狀號- | R4: ='總表'!$D32 -> B1080127 | U4: 水權狀號- | V4: ='總表'!$D33 -> B1100779 | Y4: 水權狀號- | Z4: ='總表'!$D34 -> B1140109 | AC4: 水權狀號- | AD4: ='總表'!$D35 -> B1140110
A5: 核准年限- | B5: ='總表'!$E28 -> 1131031 | C5: ='總表'!$F28 -> 1181030 | E5: 核准年限- | F5: ='總表'!$E29 -> 1131216 | G5: ='總表'!$F29 -> 1181215 | I5: 核准年限- | J5: ='總表'!$E30 -> 1100901 | K5: ='總表'!$F30 -> 1150831 | M5: 核准年限- | N5: ='總表'!$E31 -> 1120622 | O5: ='總表'!$F31 -> 1170621 | Q5: 核准年限- | R5: ='總表'!$E32 -> 1130721 | S5: ='總表'!$F32 -> 1180720 | U5: 核准年限- | V5: ='總表'!$E33 -> 1101201 | W5: ='總表'!$F33 -> 1151130 | Y5: 核准年限- | Z5: ='總表'!$E34 -> 1140513 | AA5: ='總表'!$F34 -> 1190512 | AC5: 核准年限- | AD5: ='總表'!$E35 -> 1140513 | AE5: ='總表'!$F35 -> 1190512
A6: 備註- | B6: ='總表'!$K28 -> 20 | C6: 小時/日 | E6: 備註- | F6: ='總表'!$K29 -> 12 | G6: 小時/日 | I6: 備註- | J6: ='總表'!$K30 -> 8 | K6: 小時/日 | M6: 備註- | N6: ='總表'!$K31 -> 8.5 | O6: 小時/日 | Q6: 備註- | R6: ='總表'!$K32 -> 10.5 | S6: 小時/日 | U6: 備註- | V6: ='總表'!$K33 -> 20 | W6: 小時/日 | Y6: 備註- | Z6: ='總表'!$K34 -> 0.5 | AA6: 小時/日 | AC6: 備註- | AD6: ='總表'!$K35 -> 1.5 | AE6: 小時/日
A7: 項目 月份 | B7: 抽水時間(hr) | C7: 水權引水量(cms) | D7: 抽水量(m³) | E7: 項目 月份 | F7: 抽水時間(hr) | G7: 水權引水量(cms) | H7: 抽水量(m³) | I7: 項目 月份 | J7: 抽水時間(hr) | K7: 水權引水量(cms) | L7: 抽水量(m³) | M7: 項目 月份 | N7: 抽水時間(hr) | O7: 水權引水量(cms) | P7: 抽水量(m³) | Q7: 項目 月份 | R7: 抽水時間(hr) | S7: 水權引水量(cms) | T7: 抽水量(m³) | U7: 項目 月份 | V7: 抽水時間(hr) | W7: 水權引水量(cms) | X7: 抽水量(m³) | Y7: 項目 月份 | Z7: 抽水時間(hr) | AA7: 水權引水量(cms) | AB7: 抽水量(m³) | AC7: 項目 月份 | AD7: 抽水時間(hr) | AE7: 水權引水量(cms) | AF7: 抽水量(m³)
A8: 1 | B8: 6 | C8: ='總表'!$J28 -> 0.023 | D8: =IF(B8="","",B8*C8*3600) -> 496.8 | E8: 1 | F8: 5 | G8: ='總表'!$J29 -> 0.016 | H8: =IF(F8="","",F8*G8*3600) -> 288 | I8: 1 | J8: 0 | K8: ='總表'!$J30 -> 0.0053 | L8: =IF(J8="","",J8*K8*3600) -> 0 | M8: 1 | N8: 70 | O8: ='總表'!$J31 -> 0.016 | P8: =IF(N8="","",N8*O8*3600) -> 4032 | Q8: 1 | R8: 46 | S8: ='總表'!$J32 -> 0.028 | T8: =IF(R8="","",R8*S8*3600) -> 4636.8 | U8: 1 | V8: 70 | W8: ='總表'!$J33 -> 0.008 | X8: =IF(V8="","",V8*W8*3600) -> 2016 | Y8: 1 | Z8: 35 | AA8: ='總表'!$J34 -> 0.0116 | AB8: =IF(Z8="","",Z8*AA8*3600) -> 1461.6 | AC8: 1 | AD8: 30 | AE8: ='總表'!$J35 -> 0.0162 | AF8: =IF(AD8="","",AD8*AE8*3600) -> 1749.6
A9: 2 | B9: 12 | C9: =C8 -> 0.023 | D9: =IF(B9="","",B9*C9*3600) -> 993.6 | E9: 2 | F9: 36 | G9: =G8 -> 0.016 | H9: =IF(F9="","",F9*G9*3600) -> 2073.6 | I9: 2 | J9: 0 | K9: =K8 -> 0.0053 | L9: =IF(J9="","",J9*K9*3600) -> 0 | M9: 2 | N9: 6821 | O9: =O8 -> 0.016 | P9: =IF(N9="","",N9*O9*3600) -> 392889.6 | Q9: 2 | R9: 43 | S9: =S8 -> 0.028 | T9: =IF(R9="","",R9*S9*3600) -> 4334.4 | U9: 2 | V9: 34 | W9: =W8 -> 0.008 | X9: =IF(V9="","",V9*W9*3600) -> 979.2 | Y9: 2 | Z9: 12 | AA9: =AA8 -> 0.0116 | AB9: =IF(Z9="","",Z9*AA9*3600) -> 501.12 | AC9: 2 | AD9: 20 | AE9: =AE8 -> 0.0162 | AF9: =IF(AD9="","",AD9*AE9*3600) -> 1166.4
A10: 3 | B10: 3 | C10: =C8 -> 0.023 | D10: =IF(B10="","",B10*C10*3600) -> 248.4 | E10: 3 | F10: 30 | G10: =G8 -> 0.016 | H10: =IF(F10="","",F10*G10*3600) -> 1728 | I10: 3 | J10: 0 | K10: =K8 -> 0.0053 | L10: =IF(J10="","",J10*K10*3600) -> 0 | M10: 3 | N10: 26 | O10: =O8 -> 0.016 | P10: =IF(N10="","",N10*O10*3600) -> 1497.6 | Q10: 3 | R10: 26 | S10: =S8 -> 0.028 | T10: =IF(R10="","",R10*S10*3600) -> 2620.8 | U10: 3 | V10: 26 | W10: =W8 -> 0.008 | X10: =IF(V10="","",V10*W10*3600) -> 748.8 | Y10: 3 | Z10: 48 | AA10: =AA8 -> 0.0116 | AB10: =IF(Z10="","",Z10*AA10*3600) -> 2004.48 | AC10: 3 | AD10: 18 | AE10: =AE8 -> 0.0162 | AF10: =IF(AD10="","",AD10*AE10*3600) -> 1049.76
A11: 4 | B11: 0 | C11: =C8 -> 0.023 | D11: =IF(B11="","",B11*C11*3600) -> 0 | E11: 4 | F11: 11 | G11: =G8 -> 0.016 | H11: =IF(F11="","",F11*G11*3600) -> 633.6 | I11: 4 | J11: 0 | K11: =K8 -> 0.0053 | L11: =IF(J11="","",J11*K11*3600) -> 0 | M11: 4 | N11: 12 | O11: =O8 -> 0.016 | P11: =IF(N11="","",N11*O11*3600) -> 691.2 | Q11: 4 | R11: 6 | S11: =S8 -> 0.028 | T11: =IF(R11="","",R11*S11*3600) -> 604.8 | U11: 4 | V11: 12 | W11: =W8 -> 0.008 | X11: =IF(V11="","",V11*W11*3600) -> 345.6 | Y11: 4 | Z11: 0 | AA11: =AA8 -> 0.0116 | AB11: =IF(Z11="","",Z11*AA11*3600) -> 0 | AC11: 4 | AD11: 0 | AE11: =AE8 -> 0.0162 | AF11: =IF(AD11="","",AD11*AE11*3600) -> 0
A12: 5 | B12: 0 | C12: =C8 -> 0.023 | D12: =IF(B12="","",B12*C12*3600) -> 0 | E12: 5 | F12: 0 | G12: =G8 -> 0.016 | H12: =IF(F12="","",F12*G12*3600) -> 0 | I12: 5 | J12: 0 | K12: =K8 -> 0.0053 | L12: =IF(J12="","",J12*K12*3600) -> 0 | M12: 5 | N12: 16 | O12: =O8 -> 0.016 | P12: =IF(N12="","",N12*O12*3600) -> 921.6 | Q12: 5 | R12: 15 | S12: =S8 -> 0.028 | T12: =IF(R12="","",R12*S12*3600) -> 1512 | U12: 5 | V12: 12 | W12: =W8 -> 0.008 | X12: =IF(V12="","",V12*W12*3600) -> 345.6 | Y12: 5 | Z12: 0 | AA12: =AA8 -> 0.0116 | AB12: =IF(Z12="","",Z12*AA12*3600) -> 0 | AC12: 5 | AD12: 0 | AE12: =AE8 -> 0.0162 | AF12: =IF(AD12="","",AD12*AE12*3600) -> 0
A13: 6 | B13: 4 | C13: =C8 -> 0.023 | D13: =IF(B13="","",B13*C13*3600) -> 331.2 | E13: 6 | F13: 0 | G13: =G8 -> 0.016 | H13: =IF(F13="","",F13*G13*3600) -> 0 | I13: 6 | J13: 0 | K13: =K8 -> 0.0053 | L13: =IF(J13="","",J13*K13*3600) -> 0 | M13: 6 | N13: 0 | O13: =O8 -> 0.016 | P13: =IF(N13="","",N13*O13*3600) -> 0 | Q13: 6 | R13: 7 | S13: =S8 -> 0.028 | T13: =IF(R13="","",R13*S13*3600) -> 705.6 | U13: 6 | V13: 0 | W13: =W8 -> 0.008 | X13: =IF(V13="","",V13*W13*3600) -> 0 | Y13: 6 | Z13: 0 | AA13: =AA8 -> 0.0116 | AB13: =IF(Z13="","",Z13*AA13*3600) -> 0 | AC13: 6 | AD13: 0 | AE13: =AE8 -> 0.0162 | AF13: =IF(AD13="","",AD13*AE13*3600) -> 0
A14: 7 | B14: 0 | C14: =C8 -> 0.023 | D14: =IF(B14="","",B14*C14*3600) -> 0 | E14: 7 | F14: 4.5 | G14: =G8 -> 0.016 | H14: =IF(F14="","",F14*G14*3600) -> 259.2 | I14: 7 | J14: 0 | K14: =K8 -> 0.0053 | L14: =IF(J14="","",J14*K14*3600) -> 0 | M14: 7 | N14: 0 | O14: =O8 -> 0.016 | P14: =IF(N14="","",N14*O14*3600) -> 0 | Q14: 7 | R14: 0 | S14: =S8 -> 0.028 | T14: =IF(R14="","",R14*S14*3600) -> 0 | U14: 7 | V14: 0 | W14: =W8 -> 0.008 | X14: =IF(V14="","",V14*W14*3600) -> 0 | Y14: 7 | Z14: 0 | AA14: =AA8 -> 0.0116 | AB14: =IF(Z14="","",Z14*AA14*3600) -> 0 | AC14: 7 | AD14: 0 | AE14: =AE8 -> 0.0162 | AF14: =IF(AD14="","",AD14*AE14*3600) -> 0
A15: 8 | C15: =C8 -> 0.023 | D15: =IF(B15="","",B15*C15*3600) | E15: 8 | G15: =G8 -> 0.016 | H15: =IF(F15="","",F15*G15*3600) | I15: 8 | K15: =K8 -> 0.0053 | L15: =IF(J15="","",J15*K15*3600) | M15: 8 | O15: =O8 -> 0.016 | P15: =IF(N15="","",N15*O15*3600) | Q15: 8 | S15: =S8 -> 0.028 | T15: =IF(R15="","",R15*S15*3600) | U15: 8 | W15: =W8 -> 0.008 | X15: =IF(V15="","",V15*W15*3600) | Y15: 8 | AA15: =AA8 -> 0.0116 | AB15: =IF(Z15="","",Z15*AA15*3600) | AC15: 8 | AE15: =AE8 -> 0.0162 | AF15: =IF(AD15="","",AD15*AE15*3600)
A16: 9 | C16: =C8 -> 0.023 | D16: =IF(B16="","",B16*C16*3600) | E16: 9 | G16: =G8 -> 0.016 | H16: =IF(F16="","",F16*G16*3600) | I16: 9 | K16: =K8 -> 0.0053 | L16: =IF(J16="","",J16*K16*3600) | M16: 9 | O16: =O8 -> 0.016 | P16: =IF(N16="","",N16*O16*3600) | Q16: 9 | S16: =S8 -> 0.028 | T16: =IF(R16="","",R16*S16*3600) | U16: 9 | W16: =W8 -> 0.008 | X16: =IF(V16="","",V16*W16*3600) | Y16: 9 | AA16: =AA8 -> 0.0116 | AB16: =IF(Z16="","",Z16*AA16*3600) | AC16: 9 | AE16: =AE8 -> 0.0162 | AF16: =IF(AD16="","",AD16*AE16*3600)
A17: 10 | C17: =C8 -> 0.023 | D17: =IF(B17="","",B17*C17*3600) | E17: 10 | G17: =G8 -> 0.016 | H17: =IF(F17="","",F17*G17*3600) | I17: 10 | K17: =K8 -> 0.0053 | L17: =IF(J17="","",J17*K17*3600) | M17: 10 | O17: =O8 -> 0.016 | P17: =IF(N17="","",N17*O17*3600) | Q17: 10 | S17: =S8 -> 0.028 | T17: =IF(R17="","",R17*S17*3600) | U17: 10 | W17: =W8 -> 0.008 | X17: =IF(V17="","",V17*W17*3600) | Y17: 10 | AA17: =AA8 -> 0.0116 | AB17: =IF(Z17="","",Z17*AA17*3600) | AC17: 10 | AE17: =AE8 -> 0.0162 | AF17: =IF(AD17="","",AD17*AE17*3600)
A18: 11 | C18: =C8 -> 0.023 | D18: =IF(B18="","",B18*C18*3600) | E18: 11 | G18: =G8 -> 0.016 | H18: =IF(F18="","",F18*G18*3600) | I18: 11 | K18: =K8 -> 0.0053 | L18: =IF(J18="","",J18*K18*3600) | M18: 11 | O18: =O8 -> 0.016 | P18: =IF(N18="","",N18*O18*3600) | Q18: 11 | S18: =S8 -> 0.028 | T18: =IF(R18="","",R18*S18*3600) | U18: 11 | W18: =W8 -> 0.008 | X18: =IF(V18="","",V18*W18*3600) | Y18: 11 | AA18: =AA8 -> 0.0116 | AB18: =IF(Z18="","",Z18*AA18*3600) | AC18: 11 | AE18: =AE8 -> 0.0162 | AF18: =IF(AD18="","",AD18*AE18*3600)
A19: 12 | C19: =C8 -> 0.023 | D19: =IF(B19="","",B19*C19*3600) | E19: 12 | G19: =G8 -> 0.016 | H19: =IF(F19="","",F19*G19*3600) | I19: 12 | K19: =K8 -> 0.0053 | L19: =IF(J19="","",J19*K19*3600) | M19: 12 | O19: =O8 -> 0.016 | P19: =IF(N19="","",N19*O19*3600) | Q19: 12 | S19: =S8 -> 0.028 | T19: =IF(R19="","",R19*S19*3600) | U19: 12 | W19: =W8 -> 0.008 | X19: =IF(V19="","",V19*W19*3600) | Y19: 12 | AA19: =AA8 -> 0.0116 | AB19: =IF(Z19="","",Z19*AA19*3600) | AC19: 12 | AE19: =AE8 -> 0.0162 | AF19: =IF(AD19="","",AD19*AE19*3600)
A20: 合計 | D20: =SUM(D8:D19) -> 2070 | E20: 合計 | H20: =SUM(H8:H19) -> 4982.4 | I20: 合計 | L20: =SUM(L8:L19) -> 0 | M20: 合計 | P20: =SUM(P8:P19) -> 400032 | Q20: 合計 | T20: =SUM(T8:T19) -> 14414.4 | U20: 合計 | X20: =SUM(X8:X19) -> 4435.2 | Y20: 合計 | AB20: =SUM(AB8:AB19) -> 3967.2 | AC20: 合計 | AF20: =SUM(AF8:AF19) -> 3965.76

Sheet 大南站
A1: 站別- | B1: 大南 | E1: 站別- | F1: =$B$1 -> 大南 | I1: 站別- | J1: =$B$1 -> 大南
A2: 年度別- | B2: ='卓蘭站'!B2 -> 115 | E2: 年度別- | F2: ='卓蘭站'!B2 -> 115 | I2: 年度別- | J2: ='卓蘭站'!B2 -> 115
A3: 抽水井名稱- | B3: ='總表'!$C94 -> 新社圳抽水井 | E3: 抽水井名稱- | F3: ='總表'!$C95 -> 白冷圳馬力埔抽水井 | I3: 抽水井名稱- | J3: ='總表'!$C96 -> 白冷圳大南抽水井
A4: 水權狀號- | B4: ='總表'!$D94 -> B0113848 | E4: 水權狀號- | F4: ='總表'!$D95 -> B0130292 | I4: 水權狀號- | J4: ='總表'!$D96 -> B1050080
A5: 核准年限- | B5: ='總表'!$E94 -> 1130701 | C5: ='總表'!$F94 -> 1180630 | E5: 核准年限- | F5: ='總表'!$E95 -> 1111201 | G5: ='總表'!$F95 -> 1161130 | I5: 核准年限- | J5: ='總表'!$E96 -> 1100701 | K5: ='總表'!$F96 -> 1150630 | L5: 屆期不再申請
A6: 備註- | B6: ='總表'!$K94 -> 20 | C6: 小時/日 | E6: 備註- | F6: ='總表'!$K95 -> 20 | G6: 小時/日 | I6: 備註- | J6: ='總表'!$K96 -> 24 | K6: 小時/日
A7: 項目 月份 | B7: 抽水時間(hr) | C7: 水權引水量(cms) | D7: 抽水量(m³) | E7: 項目 月份 | F7: 抽水時間(hr) | G7: 水權引水量(cms) | H7: 抽水量(m³) | I7: 項目 月份 | J7: 抽水時間(hr) | K7: 水權引水量(cms) | L7: 抽水量(m³)
A8: 1 | B8: 0.5 | C8: ='總表'!$J94 -> 0.047 | D8: =IF(B8="","",B8*C8*3600) -> 84.6 | E8: 1 | F8: 0 | G8: ='總表'!$J95 -> 0.04 | H8: =IF(F8="","",F8*G8*3600) -> 0 | I8: 1 | J8: 0 | K8: ='總表'!$J96 -> 0.04 | L8: =IF(J8="","",J8*K8*3600) -> 0
A9: 2 | B9: 0.5 | C9: =C8 -> 0.047 | D9: =IF(B9="","",B9*C9*3600) -> 84.6 | E9: 2 | F9: 0 | G9: =G8 -> 0.04 | H9: =IF(F9="","",F9*G9*3600) -> 0 | I9: 2 | J9: 0 | K9: =K8 -> 0.04 | L9: =IF(J9="","",J9*K9*3600) -> 0
A10: 3 | B10: 0.5 | C10: =C8 -> 0.047 | D10: =IF(B10="","",B10*C10*3600) -> 84.6 | E10: 3 | F10: 0 | G10: =G8 -> 0.04 | H10: =IF(F10="","",F10*G10*3600) -> 0 | I10: 3 | J10: 0 | K10: =K8 -> 0.04 | L10: =IF(J10="","",J10*K10*3600) -> 0
A11: 4 | B11: 0.5 | C11: =C8 -> 0.047 | D11: =IF(B11="","",B11*C11*3600) -> 84.6 | E11: 4 | F11: 0 | G11: =G8 -> 0.04 | H11: =IF(F11="","",F11*G11*3600) -> 0 | I11: 4 | J11: 0 | K11: =K8 -> 0.04 | L11: =IF(J11="","",J11*K11*3600) -> 0
A12: 5 | B12: 0.5 | C12: =C8 -> 0.047 | D12: =IF(B12="","",B12*C12*3600) -> 84.6 | E12: 5 | F12: 0 | G12: =G8 -> 0.04 | H12: =IF(F12="","",F12*G12*3600) -> 0 | I12: 5 | J12: 0 | K12: =K8 -> 0.04 | L12: =IF(J12="","",J12*K12*3600) -> 0
A13: 6 | B13: 0.5 | C13: =C8 -> 0.047 | D13: =IF(B13="","",B13*C13*3600) -> 84.6 | E13: 6 | F13: 0 | G13: =G8 -> 0.04 | H13: =IF(F13="","",F13*G13*3600) -> 0 | I13: 6 | J13: 0 | K13: =K8 -> 0.04 | L13: =IF(J13="","",J13*K13*3600) -> 0
A14: 7 | B14: 0.5 | C14: =C8 -> 0.047 | D14: =IF(B14="","",B14*C14*3600) -> 84.6 | E14: 7 | F14: 0 | G14: =G8 -> 0.04 | H14: =IF(F14="","",F14*G14*3600) -> 0 | I14: 7 | K14: =K8 -> 0.04 | L14: =IF(J14="","",J14*K14*3600)
A15: 8 | C15: =C8 -> 0.047 | D15: =IF(B15="","",B15*C15*3600) | E15: 8 | G15: =G8 -> 0.04 | H15: =IF(F15="","",F15*G15*3600) | I15: 8 | K15: =K8 -> 0.04 | L15: =IF(J15="","",J15*K15*3600)
A16: 9 | C16: =C8 -> 0.047 | D16: =IF(B16="","",B16*C16*3600) | E16: 9 | G16: =G8 -> 0.04 | H16: =IF(F16="","",F16*G16*3600) | I16: 9 | K16: =K8 -> 0.04 | L16: =IF(J16="","",J16*K16*3600)
A17: 10 | C17: =C8 -> 0.047 | D17: =IF(B17="","",B17*C17*3600) | E17: 10 | G17: =G8 -> 0.04 | H17: =IF(F17="","",F17*G17*3600) | I17: 10 | K17: =K8 -> 0.04 | L17: =IF(J17="","",J17*K17*3600)
A18: 11 | C18: =C8 -> 0.047 | D18: =IF(B18="","",B18*C18*3600) | E18: 11 | G18: =G8 -> 0.04 | H18: =IF(F18="","",F18*G18*3600) | I18: 11 | K18: =K8 -> 0.04 | L18: =IF(J18="","",J18*K18*3600)
A19: 12 | C19: =C8 -> 0.047 | D19: =IF(B19="","",B19*C19*3600) | E19: 12 | G19: =G8 -> 0.04 | H19: =IF(F19="","",F19*G19*3600) | I19: 12 | K19: =K8 -> 0.04 | L19: =IF(J19="","",J19*K19*3600)
A20: 合計 | D20: =SUM(D8:D19) -> 592.2 | E20: 合計 | H20: =SUM(H8:H19) -> 0 | I20: 合計 | L20: =SUM(L8:L19) -> 0

Sheet 大安站
A1: 站別- | B1: 大安 | E1: 站別- | F1: =$B$1 -> 大安 | I1: 站別- | J1: =$B$1 -> 大安 | M1: 站別- | N1: =$B$1 -> 大安 | Q1: 站別- | R1: =$B$1 -> 大安 | U1: 站別- | V1: =$B$1 -> 大安 | Y1: 站別- | Z1: =$B$1 -> 大安 | AC1: 站別- | AD1: =$B$1 -> 大安
A2: 年度別- | B2: ='卓蘭站'!B2 -> 115 | E2: 年度別- | F2: ='卓蘭站'!B2 -> 115 | I2: 年度別- | J2: ='卓蘭站'!B2 -> 115 | M2: 年度別- | N2: ='卓蘭站'!B2 -> 115 | Q2: 年度別- | R2: ='卓蘭站'!B2 -> 115 | U2: 年度別- | V2: ='卓蘭站'!B2 -> 115 | Y2: 年度別- | Z2: ='卓蘭站'!B2 -> 115 | AC2: 年度別- | AD2: ='卓蘭站'!B2 -> 115
A3: 抽水井名稱- | B3: ='總表'!$C86 -> 虎眼一圳福興圳支線1號抽水井 | E3: 抽水井名稱- | F3: ='總表'!$C87 -> 虎眼一圳頂破溪抽水井 | I3: 抽水井名稱- | J3: ='總表'!C88 -> 虎眼二圳中庄圳支線抽水井 | M3: 抽水井名稱- | N3: ='總表'!C89 -> 虎眼一圳頭前溝抽水井 | Q3: 抽水井名稱- | R3: ='總表'!C90 -> 虎眼一圳福興圳支線2號抽水井 | U3: 抽水井名稱- | V3: ='總表'!C91 -> 虎眼二圳草湖圳支線抽水井 | Y3: 抽水井名稱- | Z3: ='總表'!C92 -> 虎眼一圳後壁溝抽水井 | AC3: 抽水井名稱- | AD3: ='總表'!C93 -> 虎眼一圳福興圳支線3號抽水井
A4: 水權狀號- | B4: ='總表'!$D86 -> B0960027 | E4: 水權狀號- | F4: ='總表'!$D87 -> B1120200 | I4: 水權狀號- | J4: ='總表'!D88 -> B1140035 | M4: 水權狀號- | N4: ='總表'!D89 -> B1140034 | Q4: 水權狀號- | R4: ='總表'!D90 -> B1140037 | U4: 水權狀號- | V4: ='總表'!D91 -> B1150057 | Y4: 水權狀號- | Z4: ='總表'!D92 -> B1150095 | AC4: 水權狀號- | AD4: ='總表'!D93 -> B1150096
A5: 核准年限- | B5: ='總表'!$E86 -> 1110701 | C5: ='總表'!$F86 -> 1160630 | E5: 核准年限- | F5: ='總表'!$E87 -> 1120921 | G5: ='總表'!$F87 -> 1170920 | I5: 核准年限- | J5: ='總表'!E88 -> 1140121 | K5: ='總表'!F88 -> 1190120 | M5: 核准年限- | N5: ='總表'!E89 -> 1140121 | O5: ='總表'!F89 -> 1190120 | Q5: 核准年限- | R5: ='總表'!E90 -> 1140123 | S5: ='總表'!F90 -> 1190122 | U5: 核准年限- | V5: ='總表'!E91 -> 1150505 | W5: ='總表'!F91 -> 1200504 | Y5: 核准年限- | Z5: ='總表'!E92 -> 1150629 | AA5: ='總表'!F92 -> 1200628 | AC5: 核准年限- | AD5: ='總表'!E93 -> 1150629 | AE5: ='總表'!F93 -> 1200628
A6: 備註- | B6: ='總表'!$K86 -> 8 | C6: 小時/日 | E6: 備註- | F6: ='總表'!$K87 -> 14 | G6: 小時/日 | I6: 備註- | J6: ='總表'!K88 -> 2.5 | K6: 小時/日 | M6: 備註- | N6: ='總表'!K89 -> 3.5 | O6: 小時/日 | Q6: 備註- | R6: ='總表'!K90 -> 2 | S6: 小時/日 | U6: 備註- | V6: ='總表'!K91 -> 4.1 | W6: 小時/日 | Y6: 備註- | Z6: ='總表'!K92 -> 4.2 | AA6: 小時/日 | AC6: 備註- | AD6: ='總表'!K93 -> 4.8 | AE6: 小時/日
A7: 項目 月份 | B7: 抽水時間(hr) | C7: 水權引水量(cms) | D7: 抽水量(m³) | E7: 項目 月份 | F7: 抽水時間(hr) | G7: 水權引水量(cms) | H7: 抽水量(m³) | I7: 項目 月份 | J7: 抽水時間(hr) | K7: 水權引水量(cms) | L7: 抽水量(m³) | M7: 項目 月份 | N7: 抽水時間(hr) | O7: 水權引水量(cms) | P7: 抽水量(m³) | Q7: 項目 月份 | R7: 抽水時間(hr) | S7: 水權引水量(cms) | T7: 抽水量(m³) | U7: 項目 月份 | V7: 抽水時間(hr) | W7: 水權引水量(cms) | X7: 抽水量(m³) | Y7: 項目 月份 | Z7: 抽水時間(hr) | AA7: 水權引水量(cms) | AB7: 抽水量(m³) | AC7: 項目 月份 | AD7: 抽水時間(hr) | AE7: 水權引水量(cms) | AF7: 抽水量(m³)
A8: 1 | B8: 0 | C8: ='總表'!$J86 -> 0.07 | D8: =IF(B8="","",B8*C8*3600) -> 0 | E8: 1 | F8: 0 | G8: ='總表'!$J87 -> 0.0087 | H8: =IF(F8="","",F8*G8*3600) -> 0 | I8: 1 | J8: 0 | K8: ='總表'!J88 -> 0.046 | L8: =IF(J8="","",J8*K8*3600) -> 0 | M8: 1 | N8: 0 | O8: ='總表'!J89 -> 0.0496 | P8: =IF(N8="","",N8*O8*3600) -> 0 | Q8: 1 | R8: 0 | S8: ='總表'!J90 -> 0.0441 | T8: =IF(R8="","",R8*S8*3600) -> 0 | U8: 1 | V8: 0 | W8: ='總表'!J91 -> 0.0402 | X8: =IF(V8="","",V8*W8*3600) -> 0 | Y8: 1 | Z8: 0 | AA8: ='總表'!J92 -> 0.05 | AB8: =IF(Z8="","",Z8*AA8*3600) -> 0 | AC8: 1 | AD8: 0 | AE8: ='總表'!J93 -> 0.044 | AF8: =IF(AD8="","",AD8*AE8*3600) -> 0
A9: 2 | B9: 0.2 | C9: =C8 -> 0.07 | D9: =IF(B9="","",B9*C9*3600) -> 50.4 | E9: 2 | F9: 0.2 | G9: =G8 -> 0.0087 | H9: =IF(F9="","",F9*G9*3600) -> 6.264 | I9: 2 | J9: 0.1 | K9: =K8 -> 0.046 | L9: =IF(J9="","",J9*K9*3600) -> 16.56 | M9: 2 | N9: 16 | O9: =O8 -> 0.0496 | P9: =IF(N9="","",N9*O9*3600) -> 2856.96 | Q9: 2 | R9: 0.2 | S9: =S8 -> 0.0441 | T9: =IF(R9="","",R9*S9*3600) -> 31.752 | U9: 2 | V9: 0 | W9: =W8 -> 0.0402 | X9: =IF(V9="","",V9*W9*3600) -> 0 | Y9: 2 | Z9: 0 | AA9: =AA8 -> 0.05 | AB9: =IF(Z9="","",Z9*AA9*3600) -> 0 | AC9: 2 | AD9: 0 | AE9: =AE8 -> 0.044 | AF9: =IF(AD9="","",AD9*AE9*3600) -> 0
A10: 3 | B10: 88 | C10: =C8 -> 0.07 | D10: =IF(B10="","",B10*C10*3600) -> 22176 | E10: 3 | F10: 0 | G10: =G8 -> 0.0087 | H10: =IF(F10="","",F10*G10*3600) -> 0 | I10: 3 | J10: 104 | K10: =K8 -> 0.046 | L10: =IF(J10="","",J10*K10*3600) -> 17222.4 | M10: 3 | N10: 128 | O10: =O8 -> 0.0496 | P10: =IF(N10="","",N10*O10*3600) -> 22855.68 | Q10: 3 | R10: 0 | S10: =S8 -> 0.0441 | T10: =IF(R10="","",R10*S10*3600) -> 0 | U10: 3 | V10: 0 | W10: =W8 -> 0.0402 | X10: =IF(V10="","",V10*W10*3600) -> 0 | Y10: 3 | Z10: 0 | AA10: =AA8 -> 0.05 | AB10: =IF(Z10="","",Z10*AA10*3600) -> 0 | AC10: 3 | AD10: 0 | AE10: =AE8 -> 0.044 | AF10: =IF(AD10="","",AD10*AE10*3600) -> 0
A11: 4 | B11: 80 | C11: =C8 -> 0.07 | D11: =IF(B11="","",B11*C11*3600) -> 20160 | E11: 4 | F11: 0 | G11: =G8 -> 0.0087 | H11: =IF(F11="","",F11*G11*3600) -> 0 | I11: 4 | J11: 16 | K11: =K8 -> 0.046 | L11: =IF(J11="","",J11*K11*3600) -> 2649.6 | M11: 4 | N11: 35 | O11: =O8 -> 0.0496 | P11: =IF(N11="","",N11*O11*3600) -> 6249.6 | Q11: 4 | R11: 0 | S11: =S8 -> 0.0441 | T11: =IF(R11="","",R11*S11*3600) -> 0 | U11: 4 | V11: 0 | W11: =W8 -> 0.0402 | X11: =IF(V11="","",V11*W11*3600) -> 0 | Y11: 4 | Z11: 0 | AA11: =AA8 -> 0.05 | AB11: =IF(Z11="","",Z11*AA11*3600) -> 0 | AC11: 4 | AD11: 0 | AE11: =AE8 -> 0.044 | AF11: =IF(AD11="","",AD11*AE11*3600) -> 0
A12: 5 | B12: 76 | C12: =C8 -> 0.07 | D12: =IF(B12="","",B12*C12*3600) -> 19152 | E12: 5 | F12: 0 | G12: =G8 -> 0.0087 | H12: =IF(F12="","",F12*G12*3600) -> 0 | I12: 5 | J12: 24 | K12: =K8 -> 0.046 | L12: =IF(J12="","",J12*K12*3600) -> 3974.4 | M12: 5 | N12: 76 | O12: =O8 -> 0.0496 | P12: =IF(N12="","",N12*O12*3600) -> 13570.56 | Q12: 5 | R12: 48 | S12: =S8 -> 0.0441 | T12: =IF(R12="","",R12*S12*3600) -> 7620.48 | U12: 5 | V12: 72 | W12: =W8 -> 0.0402 | X12: =IF(V12="","",V12*W12*3600) -> 10419.84 | Y12: 5 | Z12: 0 | AA12: =AA8 -> 0.05 | AB12: =IF(Z12="","",Z12*AA12*3600) -> 0 | AC12: 5 | AD12: 0 | AE12: =AE8 -> 0.044 | AF12: =IF(AD12="","",AD12*AE12*3600) -> 0
A13: 6 | B13: 0 | C13: =C8 -> 0.07 | D13: =IF(B13="","",B13*C13*3600) -> 0 | E13: 6 | F13: 0 | G13: =G8 -> 0.0087 | H13: =IF(F13="","",F13*G13*3600) -> 0 | I13: 6 | J13: 0 | K13: =K8 -> 0.046 | L13: =IF(J13="","",J13*K13*3600) -> 0 | M13: 6 | N13: 0 | O13: =O8 -> 0.0496 | P13: =IF(N13="","",N13*O13*3600) -> 0 | Q13: 6 | R13: 0 | S13: =S8 -> 0.0441 | T13: =IF(R13="","",R13*S13*3600) -> 0 | U13: 6 | V13: 0 | W13: =W8 -> 0.0402 | X13: =IF(V13="","",V13*W13*3600) -> 0 | Y13: 6 | Z13: 0 | AA13: =AA8 -> 0.05 | AB13: =IF(Z13="","",Z13*AA13*3600) -> 0 | AC13: 6 | AD13: 0 | AE13: =AE8 -> 0.044 | AF13: =IF(AD13="","",AD13*AE13*3600) -> 0
A14: 7 | B14: 16 | C14: =C8 -> 0.07 | D14: =IF(B14="","",B14*C14*3600) -> 4032 | E14: 7 | F14: 0 | G14: =G8 -> 0.0087 | H14: =IF(F14="","",F14*G14*3600) -> 0 | I14: 7 | J14: 16 | K14: =K8 -> 0.046 | L14: =IF(J14="","",J14*K14*3600) -> 2649.6 | M14: 7 | N14: 16 | O14: =O8 -> 0.0496 | P14: =IF(N14="","",N14*O14*3600) -> 2856.96 | Q14: 7 | R14: 0 | S14: =S8 -> 0.0441 | T14: =IF(R14="","",R14*S14*3600) -> 0 | U14: 7 | V14: 0 | W14: =W8 -> 0.0402 | X14: =IF(V14="","",V14*W14*3600) -> 0 | Y14: 7 | Z14: 0 | AA14: =AA8 -> 0.05 | AB14: =IF(Z14="","",Z14*AA14*3600) -> 0 | AC14: 7 | AD14: 0 | AE14: =AE8 -> 0.044 | AF14: =IF(AD14="","",AD14*AE14*3600) -> 0
A15: 8 | C15: =C8 -> 0.07 | D15: =IF(B15="","",B15*C15*3600) | E15: 8 | G15: =G8 -> 0.0087 | H15: =IF(F15="","",F15*G15*3600) | I15: 8 | K15: =K8 -> 0.046 | L15: =IF(J15="","",J15*K15*3600) | M15: 8 | O15: =O8 -> 0.0496 | P15: =IF(N15="","",N15*O15*3600) | Q15: 8 | S15: =S8 -> 0.0441 | T15: =IF(R15="","",R15*S15*3600) | U15: 8 | W15: =W8 -> 0.0402 | X15: =IF(V15="","",V15*W15*3600) | Y15: 8 | AA15: =AA8 -> 0.05 | AB15: =IF(Z15="","",Z15*AA15*3600) | AC15: 8 | AE15: =AE8 -> 0.044 | AF15: =IF(AD15="","",AD15*AE15*3600)
A16: 9 | C16: =C8 -> 0.07 | D16: =IF(B16="","",B16*C16*3600) | E16: 9 | G16: =G8 -> 0.0087 | H16: =IF(F16="","",F16*G16*3600) | I16: 9 | K16: =K8 -> 0.046 | L16: =IF(J16="","",J16*K16*3600) | M16: 9 | O16: =O8 -> 0.0496 | P16: =IF(N16="","",N16*O16*3600) | Q16: 9 | S16: =S8 -> 0.0441 | T16: =IF(R16="","",R16*S16*3600) | U16: 9 | W16: =W8 -> 0.0402 | X16: =IF(V16="","",V16*W16*3600) | Y16: 9 | AA16: =AA8 -> 0.05 | AB16: =IF(Z16="","",Z16*AA16*3600) | AC16: 9 | AE16: =AE8 -> 0.044 | AF16: =IF(AD16="","",AD16*AE16*3600)
A17: 10 | C17: =C8 -> 0.07 | D17: =IF(B17="","",B17*C17*3600) | E17: 10 | G17: =G8 -> 0.0087 | H17: =IF(F17="","",F17*G17*3600) | I17: 10 | K17: =K8 -> 0.046 | L17: =IF(J17="","",J17*K17*3600) | M17: 10 | O17: =O8 -> 0.0496 | P17: =IF(N17="","",N17*O17*3600) | Q17: 10 | S17: =S8 -> 0.0441 | T17: =IF(R17="","",R17*S17*3600) | U17: 10 | W17: =W8 -> 0.0402 | X17: =IF(V17="","",V17*W17*3600) | Y17: 10 | AA17: =AA8 -> 0.05 | AB17: =IF(Z17="","",Z17*AA17*3600) | AC17: 10 | AE17: =AE8 -> 0.044 | AF17: =IF(AD17="","",AD17*AE17*3600)
A18: 11 | C18: =C8 -> 0.07 | D18: =IF(B18="","",B18*C18*3600) | E18: 11 | G18: =G8 -> 0.0087 | H18: =IF(F18="","",F18*G18*3600) | I18: 11 | K18: =K8 -> 0.046 | L18: =IF(J18="","",J18*K18*3600) | M18: 11 | O18: =O8 -> 0.0496 | P18: =IF(N18="","",N18*O18*3600) | Q18: 11 | S18: =S8 -> 0.0441 | T18: =IF(R18="","",R18*S18*3600) | U18: 11 | W18: =W8 -> 0.0402 | X18: =IF(V18="","",V18*W18*3600) | Y18: 11 | AA18: =AA8 -> 0.05 | AB18: =IF(Z18="","",Z18*AA18*3600) | AC18: 11 | AE18: =AE8 -> 0.044 | AF18: =IF(AD18="","",AD18*AE18*3600)
A19: 12 | C19: =C8 -> 0.07 | D19: =IF(B19="","",B19*C19*3600) | E19: 12 | G19: =G8 -> 0.0087 | H19: =IF(F19="","",F19*G19*3600) | I19: 12 | K19: =K8 -> 0.046 | L19: =IF(J19="","",J19*K19*3600) | M19: 12 | O19: =O8 -> 0.0496 | P19: =IF(N19="","",N19*O19*3600) | Q19: 12 | S19: =S8 -> 0.0441 | T19: =IF(R19="","",R19*S19*3600) | U19: 12 | W19: =W8 -> 0.0402 | X19: =IF(V19="","",V19*W19*3600) | Y19: 12 | AA19: =AA8 -> 0.05 | AB19: =IF(Z19="","",Z19*AA19*3600) | AC19: 12 | AE19: =AE8 -> 0.044 | AF19: =IF(AD19="","",AD19*AE19*3600)
A20: 合計 | D20: =SUM(D8:D19) -> 65570.4 | E20: 合計 | H20: =SUM(H8:H19) -> 6.264 | I20: 合計 | L20: =SUM(L8:L19) -> 26512.56 | M20: 合計 | P20: =SUM(P8:P19) -> 48389.76 | Q20: 合計 | T20: =SUM(T8:T19) -> 7652.232 | U20: 合計 | X20: =SUM(X8:X19) -> 10419.84 | Y20: 合計 | AB20: =SUM(AB8:AB19) -> 0 | AC20: 合計 | AF20: =SUM(AF8:AF19) -> 0

Sheet 大雅站
A1: 站別- | B1: 大雅 | E1: 站別- | F1: 大雅
A2: 年度別- | B2: ='卓蘭站'!B2 -> 115 | E2: 年度別- | F2: ='卓蘭站'!B2 -> 115
A3: 抽水井名稱- | B3: ='總表'!$C102 -> 浮圳支線八輪抽水井 | E3: 抽水井名稱- | F3: ='總表'!C103 -> 中央支線九輪區抽水井
A4: 水權狀號- | B4: ='總表'!$D102 -> B1070161 | E4: 水權狀號- | F4: ='總表'!D103 -> B1150066
A5: 核准年限- | B5: ='總表'!$E102 -> 1120821 | C5: ='總表'!$F102 -> 1170820 | E5: 核准年限- | F5: ='總表'!E103 -> 1150520 | G5: ='總表'!F103 -> 1200519
A6: 備註- | B6: ='總表'!$K102 -> 20 | C6: 小時/日 | E6: 備註- | F6: ='總表'!K103 -> 9 | G6: 小時/日
A7: 項目 月份 | B7: 抽水時間(hr) | C7: 水權引水量(cms) | D7: 抽水量(m³) | E7: 項目 月份 | F7: 抽水時間(hr) | G7: 水權引水量(cms) | H7: 抽水量(m³)
A8: 1 | B8: 0 | C8: ='總表'!$J102 -> 0.0473 | D8: =IF(B8="","",B8*C8*3600) -> 0 | E8: 1 | F8: 0 | G8: ='總表'!J103 -> 0.045 | H8: =IF(F8="","",F8*G8*3600) -> 0
A9: 2 | B9: 0 | C9: =C8 -> 0.0473 | D9: =IF(B9="","",B9*C9*3600) -> 0 | E9: 2 | F9: 0 | G9: =G8 -> 0.045 | H9: =IF(F9="","",F9*G9*3600) -> 0
A10: 3 | B10: 169.28 | C10: =C8 -> 0.0473 | D10: =IF(B10="","",B10*C10*3600) -> 28824.998 | E10: 3 | F10: 0 | G10: =G8 -> 0.045 | H10: =IF(F10="","",F10*G10*3600) -> 0
A11: 4 | B11: 174.97 | C11: =C8 -> 0.0473 | D11: =IF(B11="","",B11*C11*3600) -> 29793.892 | E11: 4 | F11: 0 | G11: =G8 -> 0.045 | H11: =IF(F11="","",F11*G11*3600) -> 0
A12: 5 | B12: 154.82 | C12: =C8 -> 0.0473 | D12: =IF(B12="","",B12*C12*3600) -> 26362.75 | E12: 5 | F12: 0 | G12: =G8 -> 0.045 | H12: =IF(F12="","",F12*G12*3600) -> 0
A13: 6 | B13: 0 | C13: =C8 -> 0.0473 | D13: =IF(B13="","",B13*C13*3600) -> 0 | E13: 6 | F13: 0 | G13: =G8 -> 0.045 | H13: =IF(F13="","",F13*G13*3600) -> 0
A14: 7 | B14: 0 | C14: =C8 -> 0.0473 | D14: =IF(B14="","",B14*C14*3600) -> 0 | E14: 7 | F14: 0 | G14: =G8 -> 0.045 | H14: =IF(F14="","",F14*G14*3600) -> 0
A15: 8 | C15: =C8 -> 0.0473 | D15: =IF(B15="","",B15*C15*3600) | E15: 8 | G15: =G8 -> 0.045 | H15: =IF(F15="","",F15*G15*3600)
A16: 9 | C16: =C8 -> 0.0473 | D16: =IF(B16="","",B16*C16*3600) | E16: 9 | G16: =G8 -> 0.045 | H16: =IF(F16="","",F16*G16*3600)
A17: 10 | C17: =C8 -> 0.0473 | D17: =IF(B17="","",B17*C17*3600) | E17: 10 | G17: =G8 -> 0.045 | H17: =IF(F17="","",F17*G17*3600)
A18: 11 | C18: =C8 -> 0.0473 | D18: =IF(B18="","",B18*C18*3600) | E18: 11 | G18: =G8 -> 0.045 | H18: =IF(F18="","",F18*G18*3600)
A19: 12 | C19: =C8 -> 0.0473 | D19: =IF(B19="","",B19*C19*3600) | E19: 12 | G19: =G8 -> 0.045 | H19: =IF(F19="","",F19*G19*3600)
A20: 合計 | D20: =SUM(D8:D19) -> 84981.64 | E20: 合計 | H20: =SUM(H8:H19) -> 0

Sheet 大甲站
A1: 站別- | B1: 大甲 | E1: 站別- | F1: =$B$1 -> 大甲 | I1: 站別- | J1: =$B$1 -> 大甲 | M1: 站別- | N1: =$B$1 -> 大甲 | Q1: 站別- | R1: =$B$1 -> 大甲 | U1: 站別- | V1: =$B$1 -> 大甲 | Y1: 站別- | Z1: =$B$1 -> 大甲 | AC1: 站別- | AD1: =$B$1 -> 大甲 | AG1: 站別- | AH1: =$B$1 -> 大甲 | AK1: 站別- | AL1: =$B$1 -> 大甲 | AO1: 站別- | AP1: =$B$1 -> 大甲 | AS1: 站別- | AT1: =$B$1 -> 大甲
A2: 年度別- | B2: ='卓蘭站'!B2 -> 115 | E2: 年度別- | F2: ='卓蘭站'!B2 -> 115 | I2: 年度別- | J2: ='卓蘭站'!B2 -> 115 | M2: 年度別- | N2: ='卓蘭站'!B2 -> 115 | Q2: 年度別- | R2: ='卓蘭站'!B2 -> 115 | U2: 年度別- | V2: ='卓蘭站'!B2 -> 115 | Y2: 年度別- | Z2: ='卓蘭站'!B2 -> 115 | AC2: 年度別- | AD2: ='卓蘭站'!B2 -> 115 | AG2: 年度別- | AH2: ='卓蘭站'!B2 -> 115 | AK2: 年度別- | AL2: ='卓蘭站'!B2 -> 115 | AO2: 年度別- | AP2: ='卓蘭站'!B2 -> 115 | AS2: 年度別- | AT2: ='卓蘭站'!B2 -> 115
A3: 抽水井名稱- | B3: ='總表'!$C74 -> 頂店圳一號抽水井 | E3: 抽水井名稱- | F3: ='總表'!$C75 -> 頂店圳二號抽水井 | I3: 抽水井名稱- | J3: ='總表'!$C76 -> 頂店圳三號抽水井 | M3: 抽水井名稱- | N3: ='總表'!$C77 -> 頂店圳四號抽水井 | Q3: 抽水井名稱- | R3: ='總表'!$C78 -> 頂店圳五號抽水井 | U3: 抽水井名稱- | V3: ='總表'!$C79 -> 頂店圳六號抽水井 | Y3: 抽水井名稱- | Z3: ='總表'!$C80 -> 頂店圳七號抽水井 | AC3: 抽水井名稱- | AD3: ='總表'!$C81 -> 頂店圳八號抽水井 | AG3: 抽水井名稱- | AH3: ='總表'!$C82 -> 頂店圳九號抽水井 | AK3: 抽水井名稱- | AL3: ='總表'!$C83 -> 頂店圳十號抽水井 | AO3: 抽水井名稱- | AP3: ='總表'!$C84 -> 頂店圳十一號抽水井 | AS3: 抽水井名稱- | AT3: ='總表'!$C85 -> 頂店圳十二號抽水井
A4: 水權狀號- | B4: ='總表'!$D74 -> B0118814 | E4: 水權狀號- | F4: ='總表'!$D75 -> B0117178 | I4: 水權狀號- | J4: ='總表'!$D76 -> B0970046 | M4: 水權狀號- | N4: ='總表'!$D77 -> B0990021 | Q4: 水權狀號- | R4: ='總表'!$D78 -> B1020099 | U4: 水權狀號- | V4: ='總表'!$D79 -> B1020119 | Y4: 水權狀號- | Z4: ='總表'!$D80 -> B1020100 | AC4: 水權狀號- | AD4: ='總表'!$D81 -> B1090091 | AG4: 水權狀號- | AH4: ='總表'!$D82 -> B1120003 | AK4: 水權狀號- | AL4: ='總表'!$D83 -> B1150050 | AO4: 水權狀號- | AP4: ='總表'!$D84 -> B1150051 | AS4: 水權狀號- | AT4: ='總表'!$D85 -> B1150052
A5: 核准年限- | B5: ='總表'!$E74 -> 1101001 | C5: ='總表'!$F74 -> 1150930 | E5: 核准年限- | F5: ='總表'!$E75 -> 1150802 | G5: ='總表'!$F75 -> 1200801 | I5: 核准年限- | J5: ='總表'!$E76 -> 1121231 | K5: ='總表'!$F76 -> 1171230 | M5: 核准年限- | N5: ='總表'!$E77 -> 1131201 | O5: ='總表'!$F77 -> 1181130 | Q5: 核准年限- | R5: ='總表'!$E78 -> 1121016 | S5: ='總表'!$F78 -> 1171015 | U5: 核准年限- | V5: ='總表'!$E79 -> 1121021 | W5: ='總表'!$F79 -> 1171020 | Y5: 核准年限- | Z5: ='總表'!$E80 -> 1121016 | AA5: ='總表'!$F80 -> 1171015 | AC5: 核准年限- | AD5: ='總表'!$E81 -> 1140625 | AE5: ='總表'!$F81 -> 1190624 | AG5: 核准年限- | AH5: ='總表'!$E82 -> 1120109 | AI5: ='總表'!$F82 -> 1170108 | AK5: 核准年限- | AL5: ='總表'!$E83 -> 1150427 | AM5: ='總表'!$F83 -> 1200426 | AO5: 核准年限- | AP5: ='總表'!$E84 -> 1150427 | AQ5: ='總表'!$F84 -> 1200426 | AS5: 核准年限- | AT5: ='總表'!$E85 -> 1150427 | AU5: ='總表'!$F85 -> 1200426
A6: 備註- | B6: ='總表'!$K74 -> 10 | C6: 小時/日 | E6: 備註- | F6: ='總表'!$K75 -> 10 | G6: 小時/日 | I6: 備註- | J6: ='總表'!$K76 -> 24 | K6: 小時/日 | M6: 備註- | N6: ='總表'!$K77 -> 12 | O6: 小時/日 | Q6: 備註- | R6: ='總表'!$K78 -> 20 | S6: 小時/日 | U6: 備註- | V6: ='總表'!$K79 -> 18 | W6: 小時/日 | Y6: 備註- | Z6: ='總表'!$K80 -> 20 | AA6: 小時/日 | AC6: 備註- | AD6: ='總表'!$K81 -> 8 | AE6: 小時/日 | AG6: 備註- | AH6: ='總表'!$K82 -> 8 | AI6: 小時/日 | AK6: 備註- | AL6: ='總表'!$K83 -> 8 | AM6: 小時/日 | AO6: 備註- | AP6: ='總表'!$K84 -> 10 | AQ6: 小時/日 | AS6: 備註- | AT6: ='總表'!$K85 -> 7 | AU6: 小時/日
A7: 項目 月份 | B7: 抽水時間(hr) | C7: 水權引水量(cms) | D7: 抽水量(m³) | E7: 項目 月份 | F7: 抽水時間(hr) | G7: 水權引水量(cms) | H7: 抽水量(m³) | I7: 項目 月份 | J7: 抽水時間(hr) | K7: 水權引水量(cms) | L7: 抽水量(m³) | M7: 項目 月份 | N7: 抽水時間(hr) | O7: 水權引水量(cms) | P7: 抽水量(m³) | Q7: 項目 月份 | R7: 抽水時間(hr) | S7: 水權引水量(cms) | T7: 抽水量(m³) | U7: 項目 月份 | V7: 抽水時間(hr) | W7: 水權引水量(cms) | X7: 抽水量(m³) | Y7: 項目 月份 | Z7: 抽水時間(hr) | AA7: 水權引水量(cms) | AB7: 抽水量(m³) | AC7: 項目 月份 | AD7: 抽水時間(hr) | AE7: 水權引水量(cms) | AF7: 抽水量(m³) | AG7: 項目 月份 | AH7: 抽水時間(hr) | AI7: 水權引水量(cms) | AJ7: 抽水量(m³) | AK7: 項目 月份 | AL7: 抽水時間(hr) | AM7: 水權引水量(cms) | AN7: 抽水量(m³) | AO7: 項目 月份 | AP7: 抽水時間(hr) | AQ7: 水權引水量(cms) | AR7: 抽水量(m³) | AS7: 項目 月份 | AT7: 抽水時間(hr) | AU7: 水權引水量(cms) | AV7: 抽水量(m³)
A8: 1 | B8: 0 | C8: ='總表'!$J74 -> 0.036 | D8: =IF(B8="","",B8*C8*3600) -> 0 | E8: 1 | F8: 0 | G8: ='總表'!$J75 -> 0.036 | H8: =IF(F8="","",F8*G8*3600) -> 0 | I8: 1 | J8: 0 | K8: ='總表'!$J76 -> 0.036 | L8: =IF(J8="","",J8*K8*3600) -> 0 | M8: 1 | N8: 0 | O8: ='總表'!$J77 -> 0.0174 | P8: =IF(N8="","",N8*O8*3600) -> 0 | Q8: 1 | R8: 0 | S8: ='總表'!$J78 -> 0.054 | T8: =IF(R8="","",R8*S8*3600) -> 0 | U8: 1 | V8: 0 | W8: ='總表'!$J79 -> 0.043 | X8: =IF(V8="","",V8*W8*3600) -> 0 | Y8: 1 | Z8: 0 | AA8: ='總表'!$J80 -> 0.04 | AB8: =IF(Z8="","",Z8*AA8*3600) -> 0 | AC8: 1 | AD8: 0 | AE8: ='總表'!$J81 -> 0.0434 | AF8: =IF(AD8="","",AD8*AE8*3600) -> 0 | AG8: 1 | AH8: 0 | AI8: ='總表'!$J82 -> 0.053 | AJ8: =IF(AH8="","",AH8*AI8*3600) -> 0 | AK8: 1 | AL8: 0 | AM8: ='總表'!$J83 -> 0.035 | AN8: =IF(AL8="","",AL8*AM8*3600) -> 0 | AO8: 1 | AP8: 0 | AQ8: ='總表'!$J84 -> 0.035 | AR8: =IF(AP8="","",AP8*AQ8*3600) -> 0 | AS8: 1 | AT8: 0 | AU8: ='總表'!$J85 -> 0.035 | AV8: =IF(AT8="","",AT8*AU8*3600) -> 0
A9: 2 | B9: 80 | C9: =C8 -> 0.036 | D9: =IF(B9="","",B9*C9*3600) -> 10368 | E9: 2 | F9: 200 | G9: =G8 -> 0.036 | H9: =IF(F9="","",F9*G9*3600) -> 25920 | I9: 2 | J9: 8 | K9: =K8 -> 0.036 | L9: =IF(J9="","",J9*K9*3600) -> 1036.8 | M9: 2 | N9: 0 | O9: =O8 -> 0.0174 | P9: =IF(N9="","",N9*O9*3600) -> 0 | Q9: 2 | R9: 60 | S9: =S8 -> 0.054 | T9: =IF(R9="","",R9*S9*3600) -> 11664 | U9: 2 | V9: 0 | W9: =W8 -> 0.043 | X9: =IF(V9="","",V9*W9*3600) -> 0 | Y9: 2 | Z9: 0 | AA9: =AA8 -> 0.04 | AB9: =IF(Z9="","",Z9*AA9*3600) -> 0 | AC9: 2 | AD9: 160 | AE9: =AE8 -> 0.0434 | AF9: =IF(AD9="","",AD9*AE9*3600) -> 24998.4 | AG9: 2 | AH9: 35 | AI9: =AI8 -> 0.053 | AJ9: =IF(AH9="","",AH9*AI9*3600) -> 6678 | AK9: 2 | AL9: 0 | AM9: =AM8 -> 0.035 | AN9: =IF(AL9="","",AL9*AM9*3600) -> 0 | AO9: 2 | AP9: 0 | AQ9: =AQ8 -> 0.035 | AR9: =IF(AP9="","",AP9*AQ9*3600) -> 0 | AS9: 2 | AT9: 0 | AU9: =AU8 -> 0.035 | AV9: =IF(AT9="","",AT9*AU9*3600) -> 0
A10: 3 | B10: 50 | C10: =C8 -> 0.036 | D10: =IF(B10="","",B10*C10*3600) -> 6480 | E10: 3 | F10: 250 | G10: =G8 -> 0.036 | H10: =IF(F10="","",F10*G10*3600) -> 32400 | I10: 3 | J10: 192 | K10: =K8 -> 0.036 | L10: =IF(J10="","",J10*K10*3600) -> 24883.2 | M10: 3 | N10: 0 | O10: =O8 -> 0.0174 | P10: =IF(N10="","",N10*O10*3600) -> 0 | Q10: 3 | R10: 300 | S10: =S8 -> 0.054 | T10: =IF(R10="","",R10*S10*3600) -> 58320 | U10: 3 | V10: 190 | W10: =W8 -> 0.043 | X10: =IF(V10="","",V10*W10*3600) -> 29412 | Y10: 3 | Z10: 210 | AA10: =AA8 -> 0.04 | AB10: =IF(Z10="","",Z10*AA10*3600) -> 30240 | AC10: 3 | AD10: 200 | AE10: =AE8 -> 0.0434 | AF10: =IF(AD10="","",AD10*AE10*3600) -> 31248 | AG10: 3 | AH10: 160 | AI10: =AI8 -> 0.053 | AJ10: =IF(AH10="","",AH10*AI10*3600) -> 30528 | AK10: 3 | AL10: 0 | AM10: =AM8 -> 0.035 | AN10: =IF(AL10="","",AL10*AM10*3600) -> 0 | AO10: 3 | AP10: 0 | AQ10: =AQ8 -> 0.035 | AR10: =IF(AP10="","",AP10*AQ10*3600) -> 0 | AS10: 3 | AT10: 0 | AU10: =AU8 -> 0.035 | AV10: =IF(AT10="","",AT10*AU10*3600) -> 0
A11: 4 | B11: 30 | C11: =C8 -> 0.036 | D11: =IF(B11="","",B11*C11*3600) -> 3888 | E11: 4 | F11: 70 | G11: =G8 -> 0.036 | H11: =IF(F11="","",F11*G11*3600) -> 9072 | I11: 4 | J11: 80 | K11: =K8 -> 0.036 | L11: =IF(J11="","",J11*K11*3600) -> 10368 | M11: 4 | N11: 0 | O11: =O8 -> 0.0174 | P11: =IF(N11="","",N11*O11*3600) -> 0 | Q11: 4 | R11: 100 | S11: =S8 -> 0.054 | T11: =IF(R11="","",R11*S11*3600) -> 19440 | U11: 4 | V11: 60 | W11: =W8 -> 0.043 | X11: =IF(V11="","",V11*W11*3600) -> 9288 | Y11: 4 | Z11: 30 | AA11: =AA8 -> 0.04 | AB11: =IF(Z11="","",Z11*AA11*3600) -> 4320 | AC11: 4 | AD11: 95 | AE11: =AE8 -> 0.0434 | AF11: =IF(AD11="","",AD11*AE11*3600) -> 14842.8 | AG11: 4 | AH11: 50 | AI11: =AI8 -> 0.053 | AJ11: =IF(AH11="","",AH11*AI11*3600) -> 9540 | AK11: 4 | AL11: 0 | AM11: =AM8 -> 0.035 | AN11: =IF(AL11="","",AL11*AM11*3600) -> 0 | AO11: 4 | AP11: 0 | AQ11: =AQ8 -> 0.035 | AR11: =IF(AP11="","",AP11*AQ11*3600) -> 0 | AS11: 4 | AT11: 0 | AU11: =AU8 -> 0.035 | AV11: =IF(AT11="","",AT11*AU11*3600) -> 0
A12: 5 | B12: 90 | C12: =C8 -> 0.036 | D12: =IF(B12="","",B12*C12*3600) -> 11664 | E12: 5 | F12: 135 | G12: =G8 -> 0.036 | H12: =IF(F12="","",F12*G12*3600) -> 17496 | I12: 5 | J12: 60 | K12: =K8 -> 0.036 | L12: =IF(J12="","",J12*K12*3600) -> 7776 | M12: 5 | N12: 0 | O12: =O8 -> 0.0174 | P12: =IF(N12="","",N12*O12*3600) -> 0 | Q12: 5 | R12: 210 | S12: =S8 -> 0.054 | T12: =IF(R12="","",R12*S12*3600) -> 40824 | U12: 5 | V12: 180 | W12: =W8 -> 0.043 | X12: =IF(V12="","",V12*W12*3600) -> 27864 | Y12: 5 | Z12: 70 | AA12: =AA8 -> 0.04 | AB12: =IF(Z12="","",Z12*AA12*3600) -> 10080 | AC12: 5 | AD12: 210 | AE12: =AE8 -> 0.0434 | AF12: =IF(AD12="","",AD12*AE12*3600) -> 32810.4 | AG12: 5 | AH12: 120 | AI12: =AI8 -> 0.053 | AJ12: =IF(AH12="","",AH12*AI12*3600) -> 22896 | AK12: 5 | AL12: 0 | AM12: =AM8 -> 0.035 | AN12: =IF(AL12="","",AL12*AM12*3600) -> 0 | AO12: 5 | AP12: 0 | AQ12: =AQ8 -> 0.035 | AR12: =IF(AP12="","",AP12*AQ12*3600) -> 0 | AS12: 5 | AT12: 0 | AU12: =AU8 -> 0.035 | AV12: =IF(AT12="","",AT12*AU12*3600) -> 0
A13: 6 | B13: 60 | C13: =C8 -> 0.036 | D13: =IF(B13="","",B13*C13*3600) -> 7776 | E13: 6 | F13: 75 | G13: =G8 -> 0.036 | H13: =IF(F13="","",F13*G13*3600) -> 9720 | I13: 6 | J13: 48 | K13: =K8 -> 0.036 | L13: =IF(J13="","",J13*K13*3600) -> 6220.8 | M13: 6 | N13: 0 | O13: =O8 -> 0.0174 | P13: =IF(N13="","",N13*O13*3600) -> 0 | Q13: 6 | R13: 80 | S13: =S8 -> 0.054 | T13: =IF(R13="","",R13*S13*3600) -> 15552 | U13: 6 | V13: 45 | W13: =W8 -> 0.043 | X13: =IF(V13="","",V13*W13*3600) -> 6966 | Y13: 6 | Z13: 50 | AA13: =AA8 -> 0.04 | AB13: =IF(Z13="","",Z13*AA13*3600) -> 7200 | AC13: 6 | AD13: 80 | AE13: =AE8 -> 0.0434 | AF13: =IF(AD13="","",AD13*AE13*3600) -> 12499.2 | AG13: 6 | AH13: 70 | AI13: =AI8 -> 0.053 | AJ13: =IF(AH13="","",AH13*AI13*3600) -> 13356 | AK13: 6 | AL13: 0 | AM13: =AM8 -> 0.035 | AN13: =IF(AL13="","",AL13*AM13*3600) -> 0 | AO13: 6 | AP13: 0 | AQ13: =AQ8 -> 0.035 | AR13: =IF(AP13="","",AP13*AQ13*3600) -> 0 | AS13: 6 | AT13: 0 | AU13: =AU8 -> 0.035 | AV13: =IF(AT13="","",AT13*AU13*3600) -> 0
A14: 7 | B14: 0 | C14: =C8 -> 0.036 | D14: =IF(B14="","",B14*C14*3600) -> 0 | E14: 7 | F14: 0 | G14: =G8 -> 0.036 | H14: =IF(F14="","",F14*G14*3600) -> 0 | I14: 7 | J14: 0 | K14: =K8 -> 0.036 | L14: =IF(J14="","",J14*K14*3600) -> 0 | M14: 7 | N14: 0 | O14: =O8 -> 0.0174 | P14: =IF(N14="","",N14*O14*3600) -> 0 | Q14: 7 | R14: 0 | S14: =S8 -> 0.054 | T14: =IF(R14="","",R14*S14*3600) -> 0 | U14: 7 | V14: 0 | W14: =W8 -> 0.043 | X14: =IF(V14="","",V14*W14*3600) -> 0 | Y14: 7 | Z14: 0 | AA14: =AA8 -> 0.04 | AB14: =IF(Z14="","",Z14*AA14*3600) -> 0 | AC14: 7 | AD14: 0 | AE14: =AE8 -> 0.0434 | AF14: =IF(AD14="","",AD14*AE14*3600) -> 0 | AG14: 7 | AH14: 0 | AI14: =AI8 -> 0.053 | AJ14: =IF(AH14="","",AH14*AI14*3600) -> 0 | AK14: 7 | AL14: 0 | AM14: =AM8 -> 0.035 | AN14: =IF(AL14="","",AL14*AM14*3600) -> 0 | AO14: 7 | AP14: 0 | AQ14: =AQ8 -> 0.035 | AR14: =IF(AP14="","",AP14*AQ14*3600) -> 0 | AS14: 7 | AT14: 0 | AU14: =AU8 -> 0.035 | AV14: =IF(AT14="","",AT14*AU14*3600) -> 0
A15: 8 | C15: =C8 -> 0.036 | D15: =IF(B15="","",B15*C15*3600) | E15: 8 | G15: =G8 -> 0.036 | H15: =IF(F15="","",F15*G15*3600) | I15: 8 | K15: =K8 -> 0.036 | L15: =IF(J15="","",J15*K15*3600) | M15: 8 | O15: =O8 -> 0.0174 | P15: =IF(N15="","",N15*O15*3600) | Q15: 8 | S15: =S8 -> 0.054 | T15: =IF(R15="","",R15*S15*3600) | U15: 8 | W15: =W8 -> 0.043 | X15: =IF(V15="","",V15*W15*3600) | Y15: 8 | AA15: =AA8 -> 0.04 | AB15: =IF(Z15="","",Z15*AA15*3600) | AC15: 8 | AE15: =AE8 -> 0.0434 | AF15: =IF(AD15="","",AD15*AE15*3600) | AG15: 8 | AI15: =AI8 -> 0.053 | AJ15: =IF(AH15="","",AH15*AI15*3600) | AK15: 8 | AM15: =AM8 -> 0.035 | AN15: =IF(AL15="","",AL15*AM15*3600) | AO15: 8 | AQ15: =AQ8 -> 0.035 | AR15: =IF(AP15="","",AP15*AQ15*3600) | AS15: 8 | AU15: =AU8 -> 0.035 | AV15: =IF(AT15="","",AT15*AU15*3600)
A16: 9 | C16: =C8 -> 0.036 | D16: =IF(B16="","",B16*C16*3600) | E16: 9 | G16: =G8 -> 0.036 | H16: =IF(F16="","",F16*G16*3600) | I16: 9 | K16: =K8 -> 0.036 | L16: =IF(J16="","",J16*K16*3600) | M16: 9 | O16: =O8 -> 0.0174 | P16: =IF(N16="","",N16*O16*3600) | Q16: 9 | S16: =S8 -> 0.054 | T16: =IF(R16="","",R16*S16*3600) | U16: 9 | W16: =W8 -> 0.043 | X16: =IF(V16="","",V16*W16*3600) | Y16: 9 | AA16: =AA8 -> 0.04 | AB16: =IF(Z16="","",Z16*AA16*3600) | AC16: 9 | AE16: =AE8 -> 0.0434 | AF16: =IF(AD16="","",AD16*AE16*3600) | AG16: 9 | AI16: =AI8 -> 0.053 | AJ16: =IF(AH16="","",AH16*AI16*3600) | AK16: 9 | AM16: =AM8 -> 0.035 | AN16: =IF(AL16="","",AL16*AM16*3600) | AO16: 9 | AQ16: =AQ8 -> 0.035 | AR16: =IF(AP16="","",AP16*AQ16*3600) | AS16: 9 | AU16: =AU8 -> 0.035 | AV16: =IF(AT16="","",AT16*AU16*3600)
A17: 10 | C17: =C8 -> 0.036 | D17: =IF(B17="","",B17*C17*3600) | E17: 10 | G17: =G8 -> 0.036 | H17: =IF(F17="","",F17*G17*3600) | I17: 10 | K17: =K8 -> 0.036 | L17: =IF(J17="","",J17*K17*3600) | M17: 10 | O17: =O8 -> 0.0174 | P17: =IF(N17="","",N17*O17*3600) | Q17: 10 | S17: =S8 -> 0.054 | T17: =IF(R17="","",R17*S17*3600) | U17: 10 | W17: =W8 -> 0.043 | X17: =IF(V17="","",V17*W17*3600) | Y17: 10 | AA17: =AA8 -> 0.04 | AB17: =IF(Z17="","",Z17*AA17*3600) | AC17: 10 | AE17: =AE8 -> 0.0434 | AF17: =IF(AD17="","",AD17*AE17*3600) | AG17: 10 | AI17: =AI8 -> 0.053 | AJ17: =IF(AH17="","",AH17*AI17*3600) | AK17: 10 | AM17: =AM8 -> 0.035 | AN17: =IF(AL17="","",AL17*AM17*3600) | AO17: 10 | AQ17: =AQ8 -> 0.035 | AR17: =IF(AP17="","",AP17*AQ17*3600) | AS17: 10 | AU17: =AU8 -> 0.035 | AV17: =IF(AT17="","",AT17*AU17*3600)
A18: 11 | C18: =C8 -> 0.036 | D18: =IF(B18="","",B18*C18*3600) | E18: 11 | G18: =G8 -> 0.036 | H18: =IF(F18="","",F18*G18*3600) | I18: 11 | K18: =K8 -> 0.036 | L18: =IF(J18="","",J18*K18*3600) | M18: 11 | O18: =O8 -> 0.0174 | P18: =IF(N18="","",N18*O18*3600) | Q18: 11 | S18: =S8 -> 0.054 | T18: =IF(R18="","",R18*S18*3600) | U18: 11 | W18: =W8 -> 0.043 | X18: =IF(V18="","",V18*W18*3600) | Y18: 11 | AA18: =AA8 -> 0.04 | AB18: =IF(Z18="","",Z18*AA18*3600) | AC18: 11 | AE18: =AE8 -> 0.0434 | AF18: =IF(AD18="","",AD18*AE18*3600) | AG18: 11 | AI18: =AI8 -> 0.053 | AJ18: =IF(AH18="","",AH18*AI18*3600) | AK18: 11 | AM18: =AM8 -> 0.035 | AN18: =IF(AL18="","",AL18*AM18*3600) | AO18: 11 | AQ18: =AQ8 -> 0.035 | AR18: =IF(AP18="","",AP18*AQ18*3600) | AS18: 11 | AU18: =AU8 -> 0.035 | AV18: =IF(AT18="","",AT18*AU18*3600)
A19: 12 | C19: =C8 -> 0.036 | D19: =IF(B19="","",B19*C19*3600) | E19: 12 | G19: =G8 -> 0.036 | H19: =IF(F19="","",F19*G19*3600) | I19: 12 | K19: =K8 -> 0.036 | L19: =IF(J19="","",J19*K19*3600) | M19: 12 | O19: =O8 -> 0.0174 | P19: =IF(N19="","",N19*O19*3600) | Q19: 12 | S19: =S8 -> 0.054 | T19: =IF(R19="","",R19*S19*3600) | U19: 12 | W19: =W8 -> 0.043 | X19: =IF(V19="","",V19*W19*3600) | Y19: 12 | AA19: =AA8 -> 0.04 | AB19: =IF(Z19="","",Z19*AA19*3600) | AC19: 12 | AE19: =AE8 -> 0.0434 | AF19: =IF(AD19="","",AD19*AE19*3600) | AG19: 12 | AI19: =AI8 -> 0.053 | AJ19: =IF(AH19="","",AH19*AI19*3600) | AK19: 12 | AM19: =AM8 -> 0.035 | AN19: =IF(AL19="","",AL19*AM19*3600) | AO19: 12 | AQ19: =AQ8 -> 0.035 | AR19: =IF(AP19="","",AP19*AQ19*3600) | AS19: 12 | AU19: =AU8 -> 0.035 | AV19: =IF(AT19="","",AT19*AU19*3600)
A20: 合計 | D20: =SUM(D8:D19) -> 40176 | E20: 合計 | H20: =SUM(H8:H19) -> 94608 | I20: 合計 | L20: =SUM(L8:L19) -> 50284.8 | M20: 合計 | P20: =SUM(P8:P19) -> 0 | Q20: 合計 | T20: =SUM(T8:T19) -> 145800 | U20: 合計 | X20: =SUM(X8:X19) -> 73530 | Y20: 合計 | AB20: =SUM(AB8:AB19) -> 51840 | AC20: 合計 | AF20: =SUM(AF8:AF19) -> 116398.8 | AG20: 合計 | AJ20: =SUM(AJ8:AJ19) -> 82998 | AK20: 合計 | AN20: =SUM(AN8:AN19) -> 0 | AO20: 合計 | AR20: =SUM(AR8:AR19) -> 0 | AS20: 合計 | AV20: =SUM(AV8:AV19) -> 0

Sheet 八寶站
B1: 八寶 | E1: 站別- | F1: =B1 -> 八寶 | I1: 站別- | J1: =B1 -> 八寶 | M1: 站別- | N1: =B1 -> 八寶 | Q1: 站別- | R1: =B1 -> 八寶
A2: 年度別- | B2: ='卓蘭站'!B2 -> 115 | E2: 年度別- | F2: ='卓蘭站'!B2 -> 115 | I2: 年度別- | J2: ='卓蘭站'!B2 -> 115 | M2: 年度別- | N2: ='卓蘭站'!B2 -> 115 | Q2: 年度別- | R2: ='卓蘭站'!B2 -> 115
A3: 抽水井名稱- | B3: ='總表'!$C97 -> 太平一圳抽水井 | E3: 抽水井名稱- | F3: ='總表'!C98 -> 潭子區興龍段279地號抽水井 | I3: 抽水井名稱- | J3: ='總表'!C99 -> 潭子區興龍段69地號抽水井 | M3: 抽水井名稱- | N3: ='總表'!C100 -> 潭子區豐興段1282地號抽水井 | Q3: 抽水井名稱- | R3: ='總表'!C101 -> 豐原區南陽段175地號抽水井
A4: 水權狀號- | B4: ='總表'!$D97 -> B1060111 | E4: 水權狀號- | F4: ='總表'!D98 -> B1130052 | I4: 水權狀號- | J4: ='總表'!D99 -> B1130145 | M4: 水權狀號- | N4: ='總表'!D100 -> B1140177 | Q4: 水權狀號- | R4: ='總表'!D101 -> B1150091
A5: 核准年限- | B5: ='總表'!$E97 -> 1111013 | C5: ='總表'!$F97 -> 1161012 | E5: 核准年限- | F5: ='總表'!E98 -> 1130220 | G5: ='總表'!F98 -> 1180219 | I5: 核准年限- | J5: ='總表'!E99 -> 1130430 | K5: ='總表'!F99 -> 1180429 | M5: 核准年限- | N5: ='總表'!E100 -> 1140819 | O5: ='總表'!F100 -> 1190818 | Q5: 核准年限- | R5: ='總表'!E101 -> 1150624 | S5: ='總表'!F101 -> 1180623
A6: 備註- | B6: ='總表'!$K97 -> 3 | C6: 小時/日 | E6: 備註- | F6: ='總表'!K98 -> 24 | G6: 小時/日 | I6: 備註- | J6: ='總表'!K99 -> 22 | K6: 小時/日 | M6: 備註- | N6: ='總表'!K100 -> 17 | O6: 小時/日 | Q6: 備註- | R6: ='總表'!K101 -> 12 | S6: 小時/日
A7: 項目 月份 | B7: 抽水時間(hr) | C7: 水權引水量(cms) | D7: 抽水量(m³) | E7: 項目 月份 | F7: 抽水時間(hr) | G7: 水權引水量(cms) | H7: 抽水量(m³) | I7: 項目 月份 | J7: 抽水時間(hr) | K7: 水權引水量(cms) | L7: 抽水量(m³) | M7: 項目 月份 | N7: 抽水時間(hr) | O7: 水權引水量(cms) | P7: 抽水量(m³) | Q7: 項目 月份 | R7: 抽水時間(hr) | S7: 水權引水量(cms) | T7: 抽水量(m³)
A8: 1 | B8: 6 | C8: ='總表'!$J97 -> 0.0106 | D8: =IF(B8="","",B8*C8*3600) -> 228.96 | E8: 1 | F8: 0 | G8: ='總表'!J98 -> 0.0016 | H8: =IF(F8="","",F8*G8*3600) -> 0 | I8: 1 | J8: 0 | K8: ='總表'!J99 -> 0.0016 | L8: =IF(J8="","",J8*K8*3600) -> 0 | M8: 1 | N8: 0 | O8: ='總表'!J100 -> 0.0017 | P8: =IF(N8="","",N8*O8*3600) -> 0 | Q8: 1 | R8: 0 | S8: ='總表'!J101 -> 0.026 | T8: =IF(R8="","",R8*S8*3600) -> 0
A9: 2 | B9: 6 | C9: =C8 -> 0.0106 | D9: =IF(B9="","",B9*C9*3600) -> 228.96 | E9: 2 | F9: 0 | G9: =G8 -> 0.0016 | H9: =IF(F9="","",F9*G9*3600) -> 0 | I9: 2 | J9: 0 | K9: =K8 -> 0.0016 | L9: =IF(J9="","",J9*K9*3600) -> 0 | M9: 2 | N9: 0 | O9: =O8 -> 0.0017 | P9: =IF(N9="","",N9*O9*3600) -> 0 | Q9: 2 | R9: 0 | S9: =S8 -> 0.026 | T9: =IF(R9="","",R9*S9*3600) -> 0
A10: 3 | B10: 8 | C10: =C8 -> 0.0106 | D10: =IF(B10="","",B10*C10*3600) -> 305.28 | E10: 3 | F10: 0 | G10: =G8 -> 0.0016 | H10: =IF(F10="","",F10*G10*3600) -> 0 | I10: 3 | J10: 0 | K10: =K8 -> 0.0016 | L10: =IF(J10="","",J10*K10*3600) -> 0 | M10: 3 | N10: 0 | O10: =O8 -> 0.0017 | P10: =IF(N10="","",N10*O10*3600) -> 0 | Q10: 3 | R10: 0 | S10: =S8 -> 0.026 | T10: =IF(R10="","",R10*S10*3600) -> 0
A11: 4 | B11: 8 | C11: =C8 -> 0.0106 | D11: =IF(B11="","",B11*C11*3600) -> 305.28 | E11: 4 | F11: 0 | G11: =G8 -> 0.0016 | H11: =IF(F11="","",F11*G11*3600) -> 0 | I11: 4 | J11: 0 | K11: =K8 -> 0.0016 | L11: =IF(J11="","",J11*K11*3600) -> 0 | M11: 4 | N11: 0 | O11: =O8 -> 0.0017 | P11: =IF(N11="","",N11*O11*3600) -> 0 | Q11: 4 | R11: 0 | S11: =S8 -> 0.026 | T11: =IF(R11="","",R11*S11*3600) -> 0
A12: 5 | B12: 8 | C12: =C8 -> 0.0106 | D12: =IF(B12="","",B12*C12*3600) -> 305.28 | E12: 5 | F12: 0 | G12: =G8 -> 0.0016 | H12: =IF(F12="","",F12*G12*3600) -> 0 | I12: 5 | J12: 0 | K12: =K8 -> 0.0016 | L12: =IF(J12="","",J12*K12*3600) -> 0 | M12: 5 | N12: 0 | O12: =O8 -> 0.0017 | P12: =IF(N12="","",N12*O12*3600) -> 0 | Q12: 5 | R12: 0 | S12: =S8 -> 0.026 | T12: =IF(R12="","",R12*S12*3600) -> 0
A13: 6 | B13: 6 | C13: =C8 -> 0.0106 | D13: =IF(B13="","",B13*C13*3600) -> 228.96 | E13: 6 | F13: 0 | G13: =G8 -> 0.0016 | H13: =IF(F13="","",F13*G13*3600) -> 0 | I13: 6 | J13: 0 | K13: =K8 -> 0.0016 | L13: =IF(J13="","",J13*K13*3600) -> 0 | M13: 6 | N13: 0 | O13: =O8 -> 0.0017 | P13: =IF(N13="","",N13*O13*3600) -> 0 | Q13: 6 | R13: 0 | S13: =S8 -> 0.026 | T13: =IF(R13="","",R13*S13*3600) -> 0
A14: 7 | B14: 6 | C14: =C8 -> 0.0106 | D14: =IF(B14="","",B14*C14*3600) -> 228.96 | E14: 7 | F14: 0 | G14: =G8 -> 0.0016 | H14: =IF(F14="","",F14*G14*3600) -> 0 | I14: 7 | J14: 0 | K14: =K8 -> 0.0016 | L14: 2 | M14: 7 | N14: 0 | O14: =O8 -> 0.0017 | P14: 0 | Q14: 7 | R14: 0 | S14: =S8 -> 0.026 | T14: =IF(R14="","",R14*S14*3600) -> 0
A15: 8 | C15: =C8 -> 0.0106 | D15: =IF(B15="","",B15*C15*3600) | E15: 8 | G15: =G8 -> 0.0016 | H15: =IF(F15="","",F15*G15*3600) | I15: 8 | K15: =K8 -> 0.0016 | L15: =IF(J15="","",J15*K15*3600) | M15: 8 | O15: =O8 -> 0.0017 | P15: =IF(N15="","",N15*O15*3600) | Q15: 8 | S15: =S8 -> 0.026 | T15: =IF(R15="","",R15*S15*3600)
A16: 9 | C16: =C8 -> 0.0106 | D16: =IF(B16="","",B16*C16*3600) | E16: 9 | G16: =G8 -> 0.0016 | H16: =IF(F16="","",F16*G16*3600) | I16: 9 | K16: =K8 -> 0.0016 | L16: =IF(J16="","",J16*K16*3600) | M16: 9 | O16: =O8 -> 0.0017 | P16: =IF(N16="","",N16*O16*3600) | Q16: 9 | S16: =S8 -> 0.026 | T16: =IF(R16="","",R16*S16*3600)
A17: 10 | C17: =C8 -> 0.0106 | D17: =IF(B17="","",B17*C17*3600) | E17: 10 | G17: =G8 -> 0.0016 | H17: =IF(F17="","",F17*G17*3600) | I17: 10 | K17: =K8 -> 0.0016 | L17: =IF(J17="","",J17*K17*3600) | M17: 10 | O17: =O8 -> 0.0017 | P17: =IF(N17="","",N17*O17*3600) | Q17: 10 | S17: =S8 -> 0.026 | T17: =IF(R17="","",R17*S17*3600)
A18: 11 | C18: =C8 -> 0.0106 | D18: =IF(B18="","",B18*C18*3600) | E18: 11 | G18: =G8 -> 0.0016 | H18: =IF(F18="","",F18*G18*3600) | I18: 11 | K18: =K8 -> 0.0016 | L18: =IF(J18="","",J18*K18*3600) | M18: 11 | O18: =O8 -> 0.0017 | P18: =IF(N18="","",N18*O18*3600) | Q18: 11 | S18: =S8 -> 0.026 | T18: =IF(R18="","",R18*S18*3600)
A19: 12 | C19: =C8 -> 0.0106 | D19: =IF(B19="","",B19*C19*3600) | E19: 12 | G19: =G8 -> 0.0016 | H19: =IF(F19="","",F19*G19*3600) | I19: 12 | K19: =K8 -> 0.0016 | L19: =IF(J19="","",J19*K19*3600) | M19: 12 | O19: =O8 -> 0.0017 | P19: =IF(N19="","",N19*O19*3600) | Q19: 12 | S19: =S8 -> 0.026 | T19: =IF(R19="","",R19*S19*3600)
A20: 合計 | D20: =SUM(D8:D19) -> 1831.68 | E20: 合計 | H20: =SUM(H8:H19) -> 0 | I20: 合計 | L20: =SUM(L8:L19) -> 2 | M20: 合計 | P20: =SUM(P8:P19) -> 0 | Q20: 合計 | T20: =SUM(T8:T19) -> 0

Sheet 大里站
A1: 站別- | B1: 大里 | E1: 站別- | F1: =$B$1 -> 大里
A2: 年度別- | B2: ='卓蘭站'!B2 -> 115 | E2: 年度別- | F2: ='卓蘭站'!B2 -> 115
A3: 抽水井名稱- | B3: ='總表'!$C104 -> 頭汴坑圳一號抽水井 | E3: 抽水井名稱- | F3: ='總表'!$C105 -> 頭汴坑圳二號抽水井
A4: 水權狀號- | B4: ='總表'!$D104 -> B0130088 | E4: 水權狀號- | F4: ='總表'!$D105 -> B0130087
A5: 核准年限- | B5: ='總表'!$E104 -> 1140616 | C5: ='總表'!$F104 -> 1190615 | E5: 核准年限- | F5: ='總表'!$E105 -> 1140616 | G5: ='總表'!$F105 -> 1190615
A6: 備註- | B6: ='總表'!$K104 -> 20 | C6: 小時/日 | E6: 備註- | F6: ='總表'!$K105 -> 20 | G6: 小時/日
A7: 項目 月份 | B7: 抽水時間(hr) | C7: 水權引水量(cms) | D7: 抽水量(m³) | E7: 項目 月份 | F7: 抽水時間(hr) | G7: 水權引水量(cms) | H7: 抽水量(m³)
A8: 1 | B8: 260 | C8: ='總表'!$J104 -> 0.038 | D8: =IF(B8="","",B8*C8*3600) -> 35568 | E8: 1 | F8: 520 | G8: ='總表'!$J105 -> 0.038 | H8: =IF(F8="","",F8*G8*3600) -> 71136
A9: 2 | B9: 200 | C9: =C8 -> 0.038 | D9: =IF(B9="","",B9*C9*3600) -> 27360 | E9: 2 | F9: 480 | G9: =G8 -> 0.038 | H9: =IF(F9="","",F9*G9*3600) -> 65664
A10: 3 | B10: 280 | C10: =C8 -> 0.038 | D10: =IF(B10="","",B10*C10*3600) -> 38304 | E10: 3 | F10: 540 | G10: =G8 -> 0.038 | H10: =IF(F10="","",F10*G10*3600) -> 73872
A11: 4 | B11: 250 | C11: =C8 -> 0.038 | D11: =IF(B11="","",B11*C11*3600) -> 34200 | E11: 4 | F11: 520 | G11: =G8 -> 0.038 | H11: =IF(F11="","",F11*G11*3600) -> 71136
A12: 5 | B12: 240 | C12: =C8 -> 0.038 | D12: =IF(B12="","",B12*C12*3600) -> 32832 | E12: 5 | F12: 530 | G12: =G8 -> 0.038 | H12: =IF(F12="","",F12*G12*3600) -> 72504
A13: 6 | B13: 220 | C13: =C8 -> 0.038 | D13: =IF(B13="","",B13*C13*3600) -> 30096 | E13: 6 | F13: 500 | G13: =G8 -> 0.038 | H13: =IF(F13="","",F13*G13*3600) -> 68400
A14: 7 | B14: 260 | C14: =C8 -> 0.038 | D14: =IF(B14="","",B14*C14*3600) -> 35568 | E14: 7 | F14: 480 | G14: =G8 -> 0.038 | H14: =IF(F14="","",F14*G14*3600) -> 65664
A15: 8 | C15: =C8 -> 0.038 | D15: =IF(B15="","",B15*C15*3600) | E15: 8 | G15: =G8 -> 0.038 | H15: =IF(F15="","",F15*G15*3600)
A16: 9 | C16: =C8 -> 0.038 | D16: =IF(B16="","",B16*C16*3600) | E16: 9 | G16: =G8 -> 0.038 | H16: =IF(F16="","",F16*G16*3600)
A17: 10 | C17: =C8 -> 0.038 | D17: =IF(B17="","",B17*C17*3600) | E17: 10 | G17: =G8 -> 0.038 | H17: =IF(F17="","",F17*G17*3600)
A18: 11 | C18: =C8 -> 0.038 | D18: =IF(B18="","",B18*C18*3600) | E18: 11 | G18: =G8 -> 0.038 | H18: =IF(F18="","",F18*G18*3600)
A19: 12 | C19: =C8 -> 0.038 | D19: =IF(B19="","",B19*C19*3600) | E19: 12 | G19: =G8 -> 0.038 | H19: =IF(F19="","",F19*G19*3600)
A20: 合計 | D20: =SUM(D8:D19) -> 233928 | E20: 合計 | H20: =SUM(H8:H19) -> 488376

Sheet 王田站
A1: 站別- | B1: 王田 | E1: 站別- | F1: =B1 -> 王田
A2: 年度別- | B2: ='卓蘭站'!B2 -> 115 | E2: 年度別- | F2: ='卓蘭站'!B2 -> 115
A3: 抽水井名稱- | B3: ='總表'!$C106 -> 王田烏日區高學田抽水井 | E3: 抽水井名稱- | F3: ='總表'!C107 -> 王田大肚區福德抽水井
A4: 水權狀號- | B4: ='總表'!$D106 -> B1120069 | E4: 水權狀號- | F4: ='總表'!D107 -> B1130072
A5: 核准年限- | B5: ='總表'!$E106 -> 1120425 | C5: ='總表'!$F106 -> 1170424 | E5: 核准年限- | F5: ='總表'!E107 -> 1130304 | G5: ='總表'!F107 -> 1180303
A6: 備註- | B6: ='總表'!$K106 -> 10 | C6: 小時/日 | E6: 備註- | F6: ='總表'!K107 -> 8 | G6: 小時/日
A7: 項目 月份 | B7: 抽水時間(hr) | C7: 水權引水量(cms) | D7: 抽水量(m³) | E7: 項目 月份 | F7: 抽水時間(hr) | G7: 水權引水量(cms) | H7: 抽水量(m³)
A8: 1 | B8: 48 | C8: ='總表'!$J106 -> 0.017 | D8: =IF(B8="","",B8*C8*3600) -> 2937.6 | E8: 1 | F8: 0 | G8: ='總表'!J107 -> 0.021 | H8: =IF(F8="","",F8*G8*3600) -> 0
A9: 2 | B9: 224 | C9: =C8 -> 0.017 | D9: =IF(B9="","",B9*C9*3600) -> 13708.8 | E9: 2 | F9: 0 | G9: =G8 -> 0.021 | H9: =IF(F9="","",F9*G9*3600) -> 0
